-- MySQL dump 10.13  Distrib 8.0.25, for Linux (x86_64)
--
-- Host: localhost    Database: dn
-- ------------------------------------------------------
-- Server version	8.0.25

/*!40101 SET @OLD_CHARACTER_SET_CLIENT=@@CHARACTER_SET_CLIENT */;
/*!40101 SET @OLD_CHARACTER_SET_RESULTS=@@CHARACTER_SET_RESULTS */;
/*!40101 SET @OLD_COLLATION_CONNECTION=@@COLLATION_CONNECTION */;
/*!50503 SET NAMES utf8mb4 */;
/*!40103 SET @OLD_TIME_ZONE=@@TIME_ZONE */;
/*!40103 SET TIME_ZONE='+00:00' */;
/*!40014 SET @OLD_UNIQUE_CHECKS=@@UNIQUE_CHECKS, UNIQUE_CHECKS=0 */;
/*!40014 SET @OLD_FOREIGN_KEY_CHECKS=@@FOREIGN_KEY_CHECKS, FOREIGN_KEY_CHECKS=0 */;
/*!40101 SET @OLD_SQL_MODE=@@SQL_MODE, SQL_MODE='NO_AUTO_VALUE_ON_ZERO' */;
/*!40111 SET @OLD_SQL_NOTES=@@SQL_NOTES, SQL_NOTES=0 */;

--
-- Table structure for table `admin`
--

DROP TABLE IF EXISTS `admin`;
/*!40101 SET @saved_cs_client     = @@character_set_client */;
/*!50503 SET character_set_client = utf8mb4 */;
CREATE TABLE `admin` (
  `id` int NOT NULL AUTO_INCREMENT,
  `username` varchar(180) CHARACTER SET utf8mb4 COLLATE utf8mb4_unicode_ci NOT NULL,
  `roles` json NOT NULL,
  `password` varchar(255) CHARACTER SET utf8mb4 COLLATE utf8mb4_unicode_ci NOT NULL,
  PRIMARY KEY (`id`),
  UNIQUE KEY `UNIQ_880E0D76F85E0677` (`username`)
) ENGINE=InnoDB AUTO_INCREMENT=2 DEFAULT CHARSET=utf8mb4 COLLATE=utf8mb4_unicode_ci;
/*!40101 SET character_set_client = @saved_cs_client */;

--
-- Dumping data for table `admin`
--

LOCK TABLES `admin` WRITE;
/*!40000 ALTER TABLE `admin` DISABLE KEYS */;
INSERT INTO `admin` VALUES (1,'admin','[\"ROLE_ADMIN\"]','$2y$13$G.QQdaRXG/0Q8Krblsle4OqkkpY3bSwB3tEf6Qa3vQFc4bpRQJr2W');
/*!40000 ALTER TABLE `admin` ENABLE KEYS */;
UNLOCK TABLES;

--
-- Table structure for table `dance`
--

DROP TABLE IF EXISTS `dance`;
/*!40101 SET @saved_cs_client     = @@character_set_client */;
/*!50503 SET character_set_client = utf8mb4 */;
CREATE TABLE `dance` (
  `id` int NOT NULL AUTO_INCREMENT,
  `name` varchar(150) CHARACTER SET utf8mb4 COLLATE utf8mb4_unicode_ci NOT NULL,
  `views` int NOT NULL DEFAULT '0',
  `slug` varchar(165) CHARACTER SET utf8mb4 COLLATE utf8mb4_unicode_ci NOT NULL,
  PRIMARY KEY (`id`),
  UNIQUE KEY `UNIQ_184BFD6F5E237E06` (`name`),
  UNIQUE KEY `UNIQ_184BFD6F989D9B62` (`slug`)
) ENGINE=InnoDB AUTO_INCREMENT=364 DEFAULT CHARSET=utf8mb4 COLLATE=utf8mb4_unicode_ci;
/*!40101 SET character_set_client = @saved_cs_client */;

--
-- Dumping data for table `dance`
--

LOCK TABLES `dance` WRITE;
/*!40000 ALTER TABLE `dance` DISABLE KEYS */;
INSERT INTO `dance` VALUES (1,'Агляды',0,'ahliady'),(2,'Аколушка',1,'akoluszka'),(3,'Акуліна',1,'akulina'),(4,'Антон',0,'anton'),(5,'Анцеля',0,'ancielia'),(6,'Бабкі',2,'babki'),(7,'Базар',31,'bazar'),(8,'Барадайка',0,'baradajka'),(9,'Барыня',21,'barynia'),(10,'Барацьба на/да крыжа',0,'baracba-na-da-kryzha'),(11,'Бацян',0,'bacian'),(12,'Бежанка',0,'biezhanka'),(13,'Бес (сто адзін)',3,'bies-sto-adzin'),(14,'Бірулькі',0,'birulki'),(15,'Бондарь',0,'bondar'),(16,'Бранішка',0,'braniszka'),(17,'Бэрак',0,'berak'),(18,'Бычок',0,'byczok'),(19,'Бяда',0,'biada'),(20,'Бярозка',0,'biarozka'),(21,'Вальс',10,'vals'),(24,'Ва саду лі',2,'va-sadu-li'),(25,'Венгерка',0,'vienhierka'),(26,'Верабей',1,'vierabiej'),(27,'Вешанка',0,'vieszanka'),(28,'Галёпка',0,'galiopka'),(29,'Галубец',15,'galubiec'),(30,'Гапак',2,'gapak'),(31,'Грачанікі',0,'graczaniki'),(32,'Гула',0,'gula'),(33,'Гуські',0,'guski'),(34,'Гусары',0,'gusary'),(35,'Гусачок',0,'gusaczok'),(36,'Даўжок',0,'dauzhok'),(37,'Джыгун',0,'dzhyhun'),(38,'Джанджоха',1,'dzhandzhocha'),(39,'Дожджык',0,'dozhdzhyk'),(40,'Драмуха',0,'dramucha'),(41,'Драпак',0,'drapak'),(42,'Дудачка',0,'dudaczka'),(43,'Жабка',5,'zhabka'),(44,'Жмуркі',0,'zhmurki'),(45,'Жгуцікі',0,'zhhuciki'),(46,'Журавель',0,'zhuraviel'),(47,'Завейніца',0,'zaviejnica'),(48,'Завіруха',0,'zavirucha'),(49,'Закаблука',0,'zakabluka'),(50,'Заінька',0,'zainka'),(51,'Зайчык',0,'zajczyk'),(52,'Заяц',0,'zaiac'),(53,'Золата',0,'zolata'),(54,'Зязюля',0,'ziaziulia'),(55,'Кабылка',0,'kabylka'),(56,'Каваль',0,'kaval'),(57,'Кадушачка',0,'kaduszaczka'),(58,'Каза',11,'kaza'),(59,'Какетка',1,'kakietka'),(60,'Калаўрот',0,'kalaurot'),(61,'Камарыкі',0,'kamaryki'),(62,'Камарынская',0,'kamarynskaia'),(63,'Канапелькі',0,'kanapielki'),(64,'Каразель',0,'karaziel'),(65,'Карапет (Лысы)',0,'karapiet-lysy'),(66,'Каробачка',1,'karobaczka'),(67,'Картузэ',1,'kartuze'),(68,'Каханачка',1,'kachanaczka'),(69,'Качан',0,'kaczan'),(70,'Кашэль',0,'kaszel'),(71,'Кракавяк',2,'krakaviak'),(72,'Кросны',0,'krosny'),(73,'Крутак',0,'krutak'),(74,'Крутуха',0,'krutucha'),(75,'Круцелькі',0,'krucielki'),(76,'Крывы танок',0,'kryvy-tanok'),(77,'Крыжачок',1,'kryzhaczok'),(78,'Крынка',0,'krynka'),(79,'Кухар',0,'kuchar'),(80,'Ланцуг',0,'lancuh'),(81,'Лапці',0,'lapci'),(82,'Латышка',0,'latyszka'),(83,'Лезгінка',0,'liezhinka'),(84,'Лета к',0,'lieta-k'),(85,'Лучыніцы',0,'luczynicy'),(86,'Люстра',0,'liustra'),(87,'Лявоніха',3,'liavonicha'),(89,'Лянцэй',0,'liancej'),(90,'Магера',2,'mahiera'),(91,'Малацілачка',0,'malacilaczka'),(92,'Мальвіна',1,'malvina'),(93,'Матлёт',1,'matliot'),(94,'Мельнік',0,'mielnik'),(95,'Месяц',0,'miesiac'),(96,'Мікіта',1,'mikita'),(97,'Мільён',0,'milion'),(98,'Мітусь',0,'mitus'),(99,'Млынок',0,'mlynok'),(100,'Мядзведзь',0,'miadzviedz'),(101,'Мядзведзь г-п',0,'miadzviedz-h-p'),(102,'Мяцеліца',2,'miacielica'),(103,'Мяцелачка',0,'miacielaczka'),(104,'На лодцы г',0,'na-lodcy-h'),(105,'На новае лета',0,'na-novaie-lieta'),(106,'На росу к',0,'na-rosu-k'),(107,'Нарэчанька',9,'nareczanka'),(108,'Нажніцы',0,'nazhnicy'),(109,'Ночка',0,'noczka'),(110,'Ойра',1,'ojra'),(111,'Ойся',0,'ojsia'),(112,'Падаляначка',0,'padalianaczka'),(113,'Падсяванка',0,'padsiavanka'),(114,'Падушачка',0,'paduszaczka'),(115,'Падыспан',2,'padyspan'),(116,'Пампадур',0,'pampadur'),(117,'Панначка',0,'pannaczka'),(118,'Пастух і т',0,'pastuch-i-t'),(119,'Пасух',0,'pasuch'),(120,'Пасу авечачкі',0,'pasu-avieczaczki'),(121,'Пацяруха',0,'paciarucha'),(122,'Перагон',0,'pierahon'),(123,'Перапелачка',0,'pierapielaczka'),(124,'Пікар',0,'pikar'),(125,'Пляскач',0,'pliaskacz'),(126,'Плясуха',0,'pliasucha'),(127,'Повад',0,'povad'),(132,'Прасьцяг',0,'prasciah'),(133,'Проса',0,'prosa'),(134,'Пцічкі',0,'pciczki'),(135,'Пячы бліны',0,'piaczy-bliny'),(136,'Раёк',0,'raiok'),(137,'Растрападка',0,'rastrapadka'),(138,'Расхожая',0,'raschozhaia'),(139,'Рукавіцы',0,'rukavicy'),(140,'Рэпка',0,'repka'),(141,'Свіння',0,'svinnia'),(142,'Селязень',0,'sieliazien'),(143,'Сербіянка',0,'sierbiianka'),(144,'Сею сею мак',0,'sieiu-sieiu-mak'),(145,'Скакуха',0,'skakucha'),(146,'Сонейка',0,'soniejka'),(147,'Страданні',0,'stradanni'),(148,'Ступка',0,'stupka'),(149,'Субота',0,'subota'),(150,'Талакно',0,'talakno'),(151,'Талакуха',0,'talakucha'),(152,'Танец з бутэлькай',0,'taniec-z-butelkaj'),(153,'Таўкачыкі',0,'taukaczyki'),(154,'Таццянка',0,'taccianka'),(155,'Трасуха',1,'trasucha'),(156,'Траян',0,'traian'),(157,'У карагодзе мы былі',0,'u-karahodzie-my-byli'),(158,'У карнача',0,'u-karnacza'),(159,'У капоўкі',0,'u-kapouki'),(160,'У мядзведзя на бару',0,'u-miadzviedzia-na-baru'),(161,'У намеры',0,'u-namiery'),(162,'У тупы',0,'u-tupy'),(163,'Харты і зайцы',0,'harty-i-zajcy'),(164,'Хто спрытнейшы',0,'hto-sprytniejszy'),(165,'Хустка',0,'hustka'),(166,'Цапы',0,'capy'),(167,'Цар за горадам гуляе',0,'car-za-horadam-huliaie'),(168,'Церніца',0,'ciernica'),(169,'Цяцерка',0,'ciacierka'),(170,'Чабор',0,'chabor'),(171,'Чарот',0,'charot'),(172,'Чмель',0,'chmiel'),(173,'Чобаты',0,'chobaty'),(175,'Чыжык',0,'chyzhyk'),(176,'Шаміль',0,'shamil'),(177,'Шарлатан',0,'sharlatan'),(178,'Шастак',0,'shastak'),(179,'Шахцёр',1,'szachcior'),(180,'Шчадрэц',0,'shczadrec'),(181,'Шэсць',1,'shesc'),(182,'Шэн',0,'shen'),(183,'Юрачка',0,'yuraczka'),(184,'Явар',0,'yavar'),(185,'Янка',0,'yanka'),(186,'Ясь',0,'yas'),(190,'Гірша-Мойша (Жыдок)',0,'girsza-mojsza-zhydok'),(191,'Абэрак',0,'aberak'),(194,'Кадрыля',10,'kadrylia'),(195,'Факстрот',0,'fakstrot'),(196,'Полька',16,'polka'),(198,'Свістуха',0,'svistucha'),(199,'Блытанка',0,'blytanka'),(200,'Кабардзінка',0,'kabardzinka'),(203,'Баламут',0,'balamut'),(204,'Вішанька',0,'viszanka'),(207,'Верч',0,'viercz'),(208,'Валгерка',0,'valhierka'),(210,'Двойка',0,'dvojka'),(211,'Драбатуха',0,'drabatucha'),(212,'Кру\'ты',0,'kruty'),(216,'Васількоў гапачок',0,'vasilkou-hapaczok'),(220,'Шэрх',1,'sherch'),(222,'Жыдовачка',0,'zhydovaczka'),(224,'Кітаянка',0,'kitaianka'),(226,'Казак',0,'kazak'),(229,'Васадуля',1,'vasadulia'),(230,'Шчыглік',0,'shczyhlik'),(231,'Людзьвінка',0,'liudzvinka'),(233,'Сямёнаўна',0,'siamionauna'),(235,'Круты2',0,'kruty2'),(236,'Падзікатр',0,'padzikatr'),(237,'Сэйма',0,'sejma'),(240,'Мілашка',0,'milaszka'),(241,'Козачка',0,'kozaczka'),(246,'Каробушка',0,'karobuszka'),(247,'Яблычка',0,'yablyczka'),(248,'Шэра',0,'shera'),(250,'Дзеўка ў сенях',0,'dzieuka-u-sieniach'),(251,'Калодачка',0,'kalodaczka'),(252,'Раскамарыцкі',0,'raskamarycki'),(257,'Кругавая',0,'kruhavaia'),(260,'Прыпеўкі',0,'prypieuki'),(262,'Драбушачкі',0,'drabuszaczki'),(266,'Распалоска',0,'raspaloska'),(267,'Тапор',0,'tapor'),(268,'Дударык (дудачка)',0,'dudaryk-dudaczka'),(291,'Дзед боб малаціў',0,'dzied-bob-malaciu'),(292,'Ліцьвін',0,'licvin'),(293,'Страданё',0,'stradanio'),(294,'Амбэрак',1,'amberak'),(295,'Лісіца',0,'lisica'),(296,'Рускага',0,'ruskaha'),(298,'Лісічка',0,'lisiczka'),(299,'Мядзьвежка',0,'miadzviezhka'),(300,'Курачка',0,'kuraczka'),(301,'Мост',0,'most'),(302,'А ў баріна на дваре',0,'a-u-barina-na-dvarie'),(303,'Карусель',0,'karusiel'),(304,'Танец бацькоў маладой',0,'taniec-backou-maladoj'),(305,'Прыспеў',0,'pryspieu'),(306,'Танец свекрыві',0,'taniec-sviekryvi'),(311,'Маруся',0,'marusia'),(312,'Даўжок2',0,'dauzhok2'),(313,'Тэрныця',0,'ternycia'),(315,'Рэчанька',0,'reczanka'),(316,'Генспансер',0,'gienspansier'),(317,'Танец з хустачкай',0,'taniec-z-chustaczkaj'),(321,'Хустачка',0,'hustaczka'),(322,'Трыбушкі',0,'trybuszki'),(323,'Грэчка',0,'greczka'),(324,'Трындычкі',0,'tryndyczki'),(325,'Танец маладой з вэленам',0,'taniec-maladoj-z-velienam'),(327,'Рэшатуха',0,'reszatucha'),(330,'Ластаўка',0,'lastauka'),(331,'Каза і казёл',0,'kaza-i-kaziol'),(333,'Чабаток',0,'chabatok'),(334,'Адбіваны вальс',0,'adbivany-vals'),(335,'Казёл',0,'kaziol'),(336,'Каханэчка',0,'kachaneczka'),(337,'Хмель',0,'hmiel'),(338,'Лявоніха кругом',0,'liavonicha-kruhom'),(339,'Купчыкі',0,'kupczyki'),(340,'Ліцьвіна',0,'licvina'),(341,'Масточак',0,'mastoczak'),(344,'Галёпка (Галоп)',0,'galiopka-galop'),(345,'Страданіе',0,'stradaniie'),(349,'Войра',0,'vojra'),(350,'Страданія',0,'stradaniia'),(351,'Танец з хлебам',0,'taniec-z-chliebam'),(352,'Трыдану',1,'trydanu'),(353,'Ішоў каравай',0,'iszou-karavaj'),(354,'На чэраве',0,'na-czeravie'),(355,'Жораў',0,'zhorau'),(356,'Ножні',0,'nozhni'),(357,'Ганно, ходзем волам даймо',0,'ganno-chodziem-volam-dajmo'),(358,'Бабачка',1,'babaczka'),(359,'Казачок',0,'kazaczok'),(360,'Карманчыкі',0,'karmanczyki'),(361,'Самазванец',0,'samazvaniec'),(362,'Серыя гусі',0,'sieryia-husi'),(363,'Шуміць гай',0,'shumic-haj');
/*!40000 ALTER TABLE `dance` ENABLE KEYS */;
UNLOCK TABLES;

--
-- Table structure for table `department`
--

DROP TABLE IF EXISTS `department`;
/*!40101 SET @saved_cs_client     = @@character_set_client */;
/*!50503 SET character_set_client = utf8mb4 */;
CREATE TABLE `department` (
  `id` int NOT NULL AUTO_INCREMENT,
  `name` varchar(150) CHARACTER SET utf8mb4 COLLATE utf8mb4_unicode_ci NOT NULL,
  `slug` varchar(110) COLLATE utf8mb4_unicode_ci DEFAULT NULL,
  PRIMARY KEY (`id`),
  UNIQUE KEY `UNIQ_CD1DE18A5E237E06` (`name`)
) ENGINE=InnoDB AUTO_INCREMENT=7 DEFAULT CHARSET=utf8mb4 COLLATE=utf8mb4_unicode_ci;
/*!40101 SET character_set_client = @saved_cs_client */;

--
-- Dumping data for table `department`
--

LOCK TABLES `department` WRITE;
/*!40000 ALTER TABLE `department` DISABLE KEYS */;
INSERT INTO `department` VALUES (1,'Мінская','minsk'),(2,'Гомельская','gomel'),(3,'Гарадзенская','garodnia'),(4,'Віцебская','viciebsk'),(5,'Брэсцкая','brest'),(6,'Магілёўская','mogiliou');
/*!40000 ALTER TABLE `department` ENABLE KEYS */;
UNLOCK TABLES;

--
-- Table structure for table `doctrine_migration_versions`
--

DROP TABLE IF EXISTS `doctrine_migration_versions`;
/*!40101 SET @saved_cs_client     = @@character_set_client */;
/*!50503 SET character_set_client = utf8mb4 */;
CREATE TABLE `doctrine_migration_versions` (
  `version` varchar(191) CHARACTER SET utf8 COLLATE utf8_unicode_ci NOT NULL,
  `executed_at` datetime DEFAULT NULL,
  `execution_time` int DEFAULT NULL,
  PRIMARY KEY (`version`)
) ENGINE=InnoDB DEFAULT CHARSET=utf8mb3 COLLATE=utf8_unicode_ci;
/*!40101 SET character_set_client = @saved_cs_client */;

--
-- Dumping data for table `doctrine_migration_versions`
--

LOCK TABLES `doctrine_migration_versions` WRITE;
/*!40000 ALTER TABLE `doctrine_migration_versions` DISABLE KEYS */;
INSERT INTO `doctrine_migration_versions` VALUES ('DoctrineMigrations\\Version20210820081003','2021-08-20 10:13:52',63),('DoctrineMigrations\\Version20210820081524','2021-08-20 10:15:30',60),('DoctrineMigrations\\Version20210820081749','2021-08-20 10:17:54',56),('DoctrineMigrations\\Version20210820082020','2021-08-20 10:20:24',69),('DoctrineMigrations\\Version20210820084340','2021-08-20 10:43:50',159),('DoctrineMigrations\\Version20210821131344','2021-08-21 15:17:15',98),('DoctrineMigrations\\Version20210822142002','2021-08-22 16:22:04',196),('DoctrineMigrations\\Version20210822142455','2021-08-22 16:53:27',120),('DoctrineMigrations\\Version20210822145627','2021-08-22 16:56:50',246),('DoctrineMigrations\\Version20210822150158','2021-09-08 14:46:24',220),('DoctrineMigrations\\Version20210822150413','2021-09-08 14:46:24',197),('DoctrineMigrations\\Version20210831124642','2021-09-08 14:53:26',105),('DoctrineMigrations\\Version20210904092302','2021-09-08 15:01:19',84),('DoctrineMigrations\\Version20210909181039','2021-09-09 20:11:52',308),('DoctrineMigrations\\Version20210910140508','2021-09-12 13:50:57',90),('DoctrineMigrations\\Version20210915092747','2021-09-15 11:28:32',122),('DoctrineMigrations\\Version20210919130353','2021-09-19 15:37:39',57),('DoctrineMigrations\\Version20210923134111','2021-10-10 14:06:21',30),('DoctrineMigrations\\Version20211010122004','2021-10-12 17:24:25',275),('DoctrineMigrations\\Version20211129170343','2021-12-08 10:52:16',64),('DoctrineMigrations\\Version20211204100618','2021-12-08 07:15:27',263),('DoctrineMigrations\\Version20211207132827','2021-12-08 07:15:27',100),('DoctrineMigrations\\Version20211224101829','2021-12-26 11:01:43',118),('DoctrineMigrations\\Version20220111145356','2022-01-16 11:34:33',177),('DoctrineMigrations\\Version20220117223823','2022-01-19 19:21:24',201),('DoctrineMigrations\\Version20220123131045','2022-01-23 18:13:36',133),('DoctrineMigrations\\Version20220127194630','2022-02-03 16:17:37',79),('DoctrineMigrations\\Version20220127195612','2022-02-03 16:17:37',18),('DoctrineMigrations\\Version20220209155053','2022-02-10 05:28:28',133),('DoctrineMigrations\\Version20220213181018','2022-03-12 23:47:04',139),('DoctrineMigrations\\Version20220217224707','2022-03-13 10:55:02',344),('DoctrineMigrations\\Version20220302144406','2022-03-08 06:13:55',191),('DoctrineMigrations\\Version20220324170209','2022-03-30 09:47:10',166),('DoctrineMigrations\\Version20220330094849','2022-03-30 09:52:02',72),('DoctrineMigrations\\Version20220331164808','2022-04-02 05:20:16',98),('DoctrineMigrations\\Version20220401071440','2022-04-02 05:26:13',67),('DoctrineMigrations\\Version20220401133308','2022-04-25 12:36:02',26),('DoctrineMigrations\\Version20220404151408','2022-04-25 12:36:02',40),('DoctrineMigrations\\Version20220405155929','2022-04-25 12:36:02',4),('DoctrineMigrations\\Version20220817020230','2022-08-18 06:33:11',93),('DoctrineMigrations\\Version20220826020459','2022-08-29 15:34:10',84),('DoctrineMigrations\\Version20220830062822','2022-09-04 08:16:57',155),('DoctrineMigrations\\Version20220911073000','2022-09-12 19:25:36',71);
/*!40000 ALTER TABLE `doctrine_migration_versions` ENABLE KEYS */;
UNLOCK TABLES;

--
-- Table structure for table `place`
--

DROP TABLE IF EXISTS `place`;
/*!40101 SET @saved_cs_client     = @@character_set_client */;
/*!50503 SET character_set_client = utf8mb4 */;
CREATE TABLE `place` (
  `id` int NOT NULL AUTO_INCREMENT,
  `category` varchar(3) CHARACTER SET utf8mb4 COLLATE utf8mb4_unicode_ci NOT NULL,
  `name` varchar(150) CHARACTER SET utf8mb4 COLLATE utf8mb4_unicode_ci NOT NULL,
  `region_id` int DEFAULT NULL,
  `lon` double DEFAULT NULL,
  `lat` double DEFAULT NULL,
  `comment` varchar(150) CHARACTER SET utf8mb4 COLLATE utf8mb4_unicode_ci DEFAULT NULL,
  `department_id` int DEFAULT NULL,
  `slug` varchar(150) COLLATE utf8mb4_unicode_ci NOT NULL,
  PRIMARY KEY (`id`),
  KEY `IDX_741D53CD98260155` (`region_id`),
  KEY `IDX_741D53CDAE80F5DF` (`department_id`),
  CONSTRAINT `FK_741D53CD98260155` FOREIGN KEY (`region_id`) REFERENCES `region` (`id`),
  CONSTRAINT `FK_741D53CDAE80F5DF` FOREIGN KEY (`department_id`) REFERENCES `department` (`id`)
) ENGINE=InnoDB AUTO_INCREMENT=245 DEFAULT CHARSET=utf8mb4 COLLATE=utf8mb4_unicode_ci;
/*!40101 SET character_set_client = @saved_cs_client */;

--
-- Dumping data for table `place`
--

LOCK TABLES `place` WRITE;
/*!40000 ALTER TABLE `place` DISABLE KEYS */;
INSERT INTO `place` VALUES (1,'в','Навасёлкі',16,28.55536414618,52.4031166430118,'удакладніў Козенка',2,'navaselki'),(2,'в','Антаневічы',10,28.75,54.15583334,NULL,1,'antanevichy'),(3,'в','Целепуны, мікрараён г. Мазыр',15,29.233333343,52.05,NULL,2,'celepuny-mikraraen-g-mazyr'),(4,'в','Шутавічы',20,26.437777787,54.430833343,NULL,3,'shutavichy'),(5,'в','Бялькоўшчына',12,27.98833334,55.7866666,NULL,4,'byalko-shchyna'),(6,'в','Белая (Мазырскі)',15,28.908909,52.072148,NULL,2,'belaya-mazyrski'),(7,'в','Завалы',10,28.673611121,54.1802777877,NULL,1,'zavaly'),(9,'в','Зімовішчы',15,29.057777787,52.016388898,'ёсьць Вялікія і Малыя',2,'zimovishchy'),(10,'в','Ярцаўка',10,28.705,54.2066666,NULL,1,'yarca-ka'),(11,'в','Старая Мётча',10,28.7175,54.185833343,NULL,1,'staraya-metcha'),(12,'в','Барок',10,NULL,NULL,'няма ў Барысаўскім',1,'barok'),(13,'в','Казлоўшчына',35,25.292,53.3164,NULL,3,'kazlo-shchyna'),(17,'в','Бабічы',23,31.177222232,52.8852777877,NULL,2,'babichy'),(18,'в','Мачуль',22,27.351666676,52.017777787,NULL,5,'machul'),(19,'в','Загорыны',15,29.1411111211,52.111388898,NULL,2,'zagoryny'),(20,'в','Нісімкавічы',23,31.17111112,52.9480555655,NULL,2,'nisimkavichy'),(21,'в','Мётча',10,28.7175,54.185833343,'ёсьць Старая і Новая',1,'metcha'),(22,'в','Селішча (Барысаўскі)',10,28.7827827,54.19958498,'удакладніў Козенка',1,'selishcha-barysa-ski'),(23,'в','Меркулавічы',23,30.6069444544,52.975,NULL,2,'merkulavichy'),(24,'в','Левашы',17,30.54444445,52.21833334,NULL,2,'levashy'),(25,'в','Заброддзе',14,28.5425,51.71333334,NULL,2,'zabroddze'),(27,'в','Вясея',19,27.67583334,53.0625,NULL,1,'vyaseya'),(28,'в','Слабада',15,28.996944454,52.0425,NULL,2,'slabada'),(29,'г','Давыд-Гарадок',22,27.213888898,52.05555556,NULL,5,'davyd-garadok'),(30,'в','Грыцкавічы',24,28.9416666766,54.579166676,NULL,1,'gryckavichy'),(31,'в','Палічнае',25,28.073611121111,52.8025,NULL,1,'palichnae'),(32,'м','Ільля',26,27.29138889888,54.41638889888,NULL,1,'illya'),(33,'в','Шасьціснопы',27,28.016944454444,53.72250001,NULL,1,'shascisnopy'),(34,'в','Кломпікі',28,26.24111112111,53.2013888988,NULL,5,'klompiki'),(35,'в','Аранчыцы',29,24.53852778777,52.46377778777,NULL,5,'aranchycy'),(36,'в','Брусы',30,26.964038,54.764802,NULL,1,'brusy'),(37,'в','Мураваная Ашмянка',31,25.779552,54.456248,NULL,3,'muravanaya-ashmyanka'),(38,'в','Новы Двор',18,24.355528,52.828409,NULL,3,'novy-dvor'),(39,'в','Вуглы',33,NULL,NULL,'2 вёскі ёсьць',1,'vugly'),(40,'в','Погіры',35,25.383611,53.5355556,NULL,3,'pogiry'),(41,'в','Мацькаўцы',26,27.406388898889,54.475833343333,NULL,1,'macka-cy'),(42,'в','Талуць',26,26.93194445444,54.690555565556,NULL,1,'taluc'),(43,'в','Белая (Лагойскі)',36,27.5855555655,54.46333334333,NULL,1,'belaya-lagoyski'),(44,'в','Юнцавічы',26,27.39388889888,54.50333334333,NULL,1,'yuncavichy'),(45,'в','Граўжышкі',31,25.84111,54.32806,NULL,3,'gra-zhyshki'),(46,'в','Гайна',36,27.70444,54.24889,NULL,1,'gayna'),(48,'в','Кароўчына',37,30.82138889888,54.0447222322,NULL,6,'karo-chyna'),(49,'в','Пянькі',15,29.255,51.9569444544,NULL,2,'pyanki'),(50,'в','Засецце',35,25.398888898,53.498888898,NULL,3,'zasecce'),(51,'в','Гадзічава',39,31.197777787778,52.101666676,NULL,2,'gadzichava'),(52,'в','Хаціслаў',38,24.098055565,51.709722232,NULL,5,'hacisla'),(53,'в','Буйнавічы',14,28.546167,51.866583,NULL,2,'buynavichy'),(54,'в','Карпавічы',26,27.32944,54.2938888,NULL,1,'karpavichy'),(55,'г','Вілейка',26,26.9166666,54.4833333,NULL,1,'vileyka'),(57,'в','Заазер\'е',26,27.8880555,54.705,NULL,1,'zaazer-e'),(58,'в','Каранёва',26,27.4130555,54.48583,NULL,1,'karaneva'),(59,'в','Стайкі',26,27.4330555,54.471111,NULL,1,'stayki'),(60,'в','Залессе',20,26.5305694,54.423091676,NULL,3,'zalesse'),(61,'в','Трасечаняты',31,26.10305556,54.3166666,NULL,3,'trasechanyaty'),(62,'в','Сарокі',41,24.896401896431,53.4922701466513,'удакладніў Козенка',3,'saroki'),(63,'в','Студзераўшчына',35,25.5325,53.266388898,NULL,3,'studzera-shchyna'),(64,'в','Валовікі',31,25.9466666,54.25416667,NULL,3,'valoviki'),(65,'в','Вялікія Казлы',41,24.726944454,53.693055565,NULL,3,'vyalikiya-kazly'),(66,'в','Бяляўшчына',42,24.5044444,53.0275,NULL,3,'byalya-shchyna'),(67,'в','Альхоўка',43,26.232222,54.8069444,NULL,3,'alho-ka'),(68,'ст','Ашмяны',31,26.0828,54.5308,NULL,3,'ashmyany'),(69,'в','Ласі',44,29.1141666,52.98722223,NULL,6,'lasi'),(70,'в','Маркавічы',39,31.201944454,52.1127777,NULL,2,'markavichy'),(71,'в','Ра́дастава',46,24.940278,51.966889,NULL,5,'ra-dastava'),(72,'в','Бяседавічы',47,32.56194,53.37833,NULL,6,'byasedavichy'),(73,'в','Ламбава',44,29.43278,53.00639,NULL,6,'lambava'),(74,'в','Варатынь',44,29.645,52.98972,NULL,6,'varatyn'),(75,'в','Варвараўка',47,32.61861,53.35667,NULL,6,'varvara-ka'),(76,'в','Асарэвічы',48,30.49333,51.60917,NULL,2,'asarevichy'),(77,'в','Гудагай',43,25.8896389,54.5955194,NULL,3,'gudagay'),(78,'в','Котчына',49,24.93862,53.27743,NULL,3,'kotchyna'),(79,'в','Валэйкавічы',20,26.255,54.59083,NULL,3,'valeykavichy'),(80,'в','Мешычы',50,26.64833,53.785,NULL,1,'meshychy'),(81,'в','Іванкаўшчына',15,29.02528,51.9125,NULL,2,'ivanka-shchyna'),(82,'в','Пласток',25,28.14722,52.79139,NULL,1,'plastok'),(83,'в','Ямінск',25,28.26611,52.77083,NULL,1,'yaminsk'),(84,'г','Любань',25,28.0525,52.78194,NULL,1,'lyuban'),(85,'в','Забалаць',25,27.87278,52.795,NULL,1,'zabalac'),(86,'в','Рачэнь',25,27.84167,52.74611,NULL,1,'rachen'),(87,'в','Сосны',25,NULL,NULL,'2 вескі',1,'sosny'),(88,'в','Шыпілавічы',25,28.00083,52.73417,NULL,1,'shypilavichy'),(89,'в','Юшкавічы',25,27.83417,52.80333,NULL,1,'yushkavichy'),(90,'в','Дэмбрава',41,24.47389,53.63917,NULL,3,'dembrava'),(91,'в','Талмачава',22,27.54111,52.03583,NULL,5,'talmachava'),(92,'в','Сінічына',51,30.56444,52.52917,NULL,2,'sinichyna'),(93,'в','Валосавічы',52,29.11667,52.53333,NULL,2,'valosavichy'),(94,'в','Конкавічы',16,28.70111,52.16306,NULL,2,'konkavichy'),(95,'в','Харомцы',52,28.638462,52.688261,NULL,2,'haromcy'),(96,'в','Асавец',11,29.66417,53.91972,NULL,6,'asavec'),(97,'в','Сімановічы',13,28.63444,53.07917,NULL,6,'simanovichy'),(98,'в','Прусы',21,28.38639,52.84444,NULL,1,'prusy'),(99,'г','Свіслач',18,24.1,53.03333,NULL,3,'svislach'),(100,'в','Рама́шкава',32,30.04528,54.51583,NULL,4,'rama-shkava'),(101,'в','Кальчу́ны',31,25.878334,54.393162,NULL,3,'kalchu-ny'),(102,'в','Сялец',10,28.357882,54.512121,NULL,1,'syalec'),(103,'в','Балоты',54,24.51722,52.13583,NULL,5,'baloty'),(104,'в','Галавенчыцы ',55,30.82028,53.73583,NULL,6,'galavenchycy'),(105,'в','Горы',56,31.55389,53.22139,NULL,6,'gory'),(106,'г','Крычаў',58,31.71389,53.71944,NULL,6,'krycha'),(107,'в','Дуброва',13,28.68861,52.89111,NULL,6,'dubrova'),(108,'в','Сенькава',57,30.88139,54.32722,NULL,6,'senkava'),(109,'в','Балашэвічы',13,28.77361,52.89639,NULL,6,'balashevichy'),(110,'в','Бабірова',13,28.55139,53.03444,NULL,6,'babirova'),(111,'в','Гарадзец',NULL,NULL,NULL,'у Козенкі: Краснапольскі няма, хутчэй Кіраўскі',6,'garadzec'),(112,'в','Акунёва',60,27.9883,55.4992,'не хутар',4,'akuneva'),(113,'в','Велеўшчына',61,28.57694,54.72639,NULL,4,'vele-shchyna'),(114,'в','Казловічы',62,NULL,NULL,'2 вескі (-1 і -2)',4,'kazlovichy'),(115,'в','Вярэчча',63,30.36833,55.58333,NULL,4,'vyarechcha'),(116,'в','Нямойта',40,29.77278,54.74472,NULL,4,'nyamoyta'),(117,'в','Губіна',61,28.94833,55.04028,NULL,4,'gubina'),(118,'в','Вацлавова',64,28.74639,55.05639,NULL,4,'vaclavova'),(119,'в','Шупені',32,29.89722,54.60306,NULL,4,'shupeni'),(120,'в','Маскаляняты',63,29.8225,55.515,NULL,4,'maskalyanyaty'),(121,'в','Цвеціна',60,28.19278,55.48389,NULL,4,'cvecina'),(122,'в','Ляды́',65,31.16806,54.60056,NULL,4,'lyady'),(123,'в','Сіпі́шчава',65,30.70694,54.47417,NULL,4,'sipi-shchava'),(124,'в','Усвея',64,29.08667,55.24056,NULL,4,'usveya'),(125,'в','Грабава',66,24.90556,53.21167,NULL,3,'grabava'),(126,'в','Ацьмінава',67,25.70722,53.79306,NULL,3,'acminava'),(127,'в','Быстрыца',43,25.875,54.79639,NULL,3,'bystryca'),(128,'в','Куклічы',18,24.52194,52.83278,NULL,3,'kuklichy'),(129,'в','Сінькі',20,26.45722,54.36111,NULL,3,'sinki'),(130,'в','Бародзічы',66,24.77528,53.16167,NULL,3,'barodzichy'),(131,'в','Канюхі',42,24.64944,53.01083,NULL,3,'kanyuhi'),(132,'в','Ражанка',41,NULL,NULL,'аграгарадок і пасёлак',3,'razhanka'),(133,'в','Горка',35,25.49944,53.28222,NULL,3,'gorka'),(134,'в','Буйкі',43,26.07556,54.92556,NULL,3,'buyki'),(135,'в','Сядзельнікі',42,24.66861,52.97472,NULL,3,'syadzelniki'),(136,'в','Семернікі',31,26.06917,54.23722,NULL,3,'semerniki'),(137,'в','Гіры',43,26.20222,54.63861,NULL,3,'giry'),(138,'в','Старая Рудня',20,26.33778,54.62222,NULL,3,'staraya-rudnya'),(139,'в','Падароск',42,24.62,52.97722,NULL,3,'padarosk'),(140,'в','Загор’е',29,24.62306,52.55972,NULL,5,'zagor-e'),(141,'в','Жмурнае',14,28.35194,51.71861,NULL,2,'zhmurnae'),(142,'в','Янкавічы',70,28.78417,55.77417,NULL,4,'yankavichy'),(143,'в','Каха́навічы',12,28.12444,55.87556,NULL,4,'kaha-navichy'),(145,'в','Ты́шкавічы',68,25.61222,52.35611,NULL,5,'ty-shkavichy'),(146,'в','Крамно́',46,25.31472,52.2688,NULL,5,'kramno'),(147,'в','Вельямо́вічы',75,23.43194,52.22194,NULL,5,'velyamo-vichy'),(148,'в','Сінкевічы',69,27.25551,52.21635,NULL,5,'sinkevichy'),(149,'в','Скібічы',46,25.28169,52.183,NULL,5,'skibichy'),(150,'в','Коланск',73,25.7852,52.45695,NULL,5,'kolansk'),(151,'в','Угалец',22,27.05944,52.02083,NULL,5,'ugalec'),(152,'в','Беразляны',68,25.48611,52.22139,NULL,5,'berazlyany'),(153,'в','Горталь',73,25.90889,52.50083,NULL,5,'gortal'),(154,'в','Дзяменічы',74,23.86278,52.26,NULL,5,'dzyamenichy'),(155,'в','Вялікая Гаць',73,25.65741,52.54741,NULL,5,'vyalikaya-gac'),(156,'в','Залуззе',74,24.1508,52.2007,NULL,5,'zaluzze'),(157,'в','Гру́шка',38,24.18833,51.92333,NULL,5,'gru-shka'),(158,'в','Замшаны',38,24.08889,51.83722,NULL,5,'zamshany'),(159,'в','Радчыцк',22,26.56583,51.95444,NULL,5,'radchyck'),(160,'в','Краглевічы',73,25.83611,52.47167,NULL,5,'kraglevichy'),(161,'в','Ляхаўцы',38,24.19966,51.79852,NULL,5,'lyaha-cy'),(162,'в','Батчы',54,24.2354,52.2384,NULL,5,'batchy'),(163,'в','Рэчыца',22,26.78472,51.85639,NULL,5,'rechyca'),(164,'в','Ла́дараж',76,26.18083,51.89083,NULL,5,'la-darazh'),(166,'в','Гаўрыльчыцы',82,27.08333,52.63833,NULL,1,'ga-rylchycy'),(167,'в','Сарачы́',25,28.01861,52.78611,NULL,1,'sarachy'),(168,'в','Морач',79,26.86694,52.87639,NULL,1,'morach'),(169,'в','Гуляева',19,27.6675,52.89417,NULL,1,'gulyaeva'),(170,'в','Бабкі́',79,26.52925,52.90319,NULL,1,'babki'),(171,'в','Палажэвічы',21,28.43111,52.93194,NULL,1,'palazhevichy'),(172,'в','Палажэвічы',21,28.43111,52.93194,NULL,1,'palazhevichy'),(173,'в','Селішча (Слуцкі)',19,27.40333,53.0025,NULL,1,'selishcha-slucki'),(174,'г','Стары́я Даро́гі',21,28.265,53.03944,NULL,1,'stary-ya-daro-gi'),(175,'в','Паставічы',21,28.48361,53.04972,NULL,1,'pastavichy'),(176,'в','Лань',81,26.69083,53.14833,NULL,1,'lan'),(177,'в','Вынішчы',19,27.58667,53.15389,NULL,1,'vynishchy'),(178,'в','Шчыткавічы',21,27.98333,53.21667,NULL,1,'shchytkavichy'),(179,'в','Рымашы́',80,26.91056,53.26694,NULL,1,'rymashy'),(180,'в','Андрушы',81,26.78583,53.2975,NULL,1,'andrushy'),(181,'в','Пры́сынак',83,27.20694,53.41611,NULL,1,'pry-synak'),(182,'в','Чыжаха',77,28.93972,53.57667,NULL,1,'chyzhaha'),(183,'в','Горкі',27,28.61722,53.65306,NULL,1,'gorki'),(184,'в','Чарнаградзь',27,28.21972,53.78528,NULL,1,'charnagradz'),(185,'в','Капла́нцы',77,29.09333,53.79528,NULL,1,'kapla-ncy'),(186,'в','Скірмантава',78,27.05556,53.83972,NULL,1,'skirmantava'),(187,'в','Лаўніца',10,28.87222,54.06889,NULL,1,'la-nica'),(188,'в','Леванова',10,28.78806,54.13389,NULL,1,'levanova'),(189,'в','Вяляцічы',10,28.90588,54.16491,NULL,1,'vyalyacichy'),(190,'в','Наваянчына',10,28.66222,54.39667,NULL,1,'navayanchyna'),(191,'в','Траянаўка',10,28.79667,54.54528,NULL,1,'trayana-ka'),(192,'г','Мядзель (Стары)',30,26.93861,54.87556,NULL,1,'myadzel-stary'),(193,'в','Ніўкі',10,NULL,NULL,'2 вескі',1,'ni-ki'),(194,'в','Ходцы',40,29.83333,54.96833,NULL,4,'hodcy'),(195,'в','Маркава',84,26.59833,54.33333,NULL,1,'markava'),(196,'в','Гарадок',84,26.9175,54.15278,NULL,1,'garadok'),(197,'в','Стаялава',85,29.35179,53.54683,NULL,6,'stayalava'),(198,'в','Стары Востраў',85,28.9854,53.5581,NULL,6,'stary-vostra'),(199,'в','Арэхава',NULL,NULL,NULL,'не ўдакладнілі ў Клічаве',6,'arehava'),(200,'в','Букча',14,27.66667,51.75,NULL,2,'bukcha'),(201,'в','Мазалі',84,27.14944,54.25556,NULL,1,'mazali'),(202,'в','Дарасіно́',25,27.779167,52.899722,NULL,1,'darasino'),(203,'в','Чамярын',76,25.75972,52.30167,NULL,5,'chamyaryn'),(204,'в','Ляскавічы',52,28.53528,52.65861,NULL,2,'lyaskavichy'),(205,'в','Ляскавічы',16,28.15417,52.1175,NULL,2,'lyaskavichy'),(206,'в','Загорыны',15,29.14111,52.11139,NULL,2,'zagoryny'),(207,'в','Глініца',15,28.61556,52.05861,NULL,2,'glinica'),(208,'в','Матнявічы',23,30.765,52.89417,NULL,2,'matnyavichy'),(209,'в','Любавічы',45,27.64639,52.05194,NULL,2,'lyubavichy'),(210,'в','Прыбалавічы',14,27.81528,51.6775,NULL,2,'prybalavichy'),(211,'в','Іванава Слабада',14,27.88333,51.85,NULL,2,'ivanava-slabada'),(212,'г п','Капаткевічы',16,28.7975,52.27528,NULL,2,'kapatkevichy'),(213,'в','Пагост',45,27.86222,52.05583,NULL,2,'pagost'),(214,'в','Верасніца',45,27.63333,52.08333,NULL,2,'verasnica'),(215,'в','Шылавічы',23,30.64194,52.98694,NULL,2,'shylavichy'),(216,'в','Рудня Нісімкавіцкая',23,31.17306,52.92222,NULL,2,'rudnya-nisimkavickaya'),(217,'в','Вуць',87,31.38306,52.22639,'зараз называецца Уць',2,'vuc'),(218,'в','Івольск',51,30.53944,52.54667,NULL,2,'ivolsk'),(219,'в','Тонеж',14,27.79528,51.82806,NULL,2,'tonezh'),(220,'в','Глушкавічы',14,27.76667,51.56667,NULL,2,'glushkavichy'),(221,'в','Кашэвічы',16,28.7275,52.49306,NULL,2,'kashevichy'),(222,'в','Чырвоная Слабада',52,28.56833,52.54778,'зараз Красная Слабада',2,'chyrvonaya-slabada'),(223,'в','Вялікія Зімовішчы',15,29.05778,52.01639,NULL,2,'vyalikiya-zimovishchy'),(224,'в','Воземля',52,28.95,52.74556,NULL,2,'vozemlya'),(225,'в','Сасноўка',52,28.50667,52.53889,NULL,2,'sasno-ka'),(226,'в','Новая Дуброва',52,28.88194,52.67528,NULL,2,'novaya-dubrova'),(227,'в','Нястанавічы',52,29.08167,52.54111,NULL,2,'nyastanavichy'),(228,'в','Ліпляны',14,28.37861,51.80917,NULL,2,'liplyany'),(229,'в','Маканавічы',17,29.91417,52.14167,NULL,2,'makanavichy'),(230,'в','Асінаўка',23,30.5475,53.00722,NULL,2,'asina-ka'),(231,'в','Гацкое',23,31.21778,52.92639,NULL,2,'gackoe'),(232,'в','Палессе',23,31.28139,53.07056,NULL,2,'palesse'),(233,'в','Канатоп',88,29.57167,51.75861,NULL,2,'kanatop'),(234,'в','Будкі',88,29.26056,51.72111,NULL,2,'budki'),(235,'в','Агароднікі',89,29,51,NULL,2,'aharodniki'),(236,'в','Астражанка',14,28.54861,51.99167,NULL,2,'astrazhanka'),(237,'в','Падгалле',53,28.76667,51.51306,NULL,2,'padgalle'),(238,'в','Будкі',53,28.88861,51.78083,NULL,2,'budki'),(239,'в','Хільчыцы',45,27.63806,52.03042,NULL,2,'hilchycy'),(240,'в','Курыцічы',16,28.61139,52.28028,NULL,2,'kurycichy'),(241,'г','Мазыр',15,29.23333,52.05,NULL,2,'mazyr'),(242,'в','Красніца',23,30.69306,52.96222,NULL,2,'krasnica'),(243,'в','Пратасы',52,29.08222,52.78111,NULL,2,'pratasy'),(244,'в','Даўгалессе',39,30.72028,52.2675,NULL,2,'da-galesse');
/*!40000 ALTER TABLE `place` ENABLE KEYS */;
UNLOCK TABLES;

--
-- Table structure for table `region`
--

DROP TABLE IF EXISTS `region`;
/*!40101 SET @saved_cs_client     = @@character_set_client */;
/*!50503 SET character_set_client = utf8mb4 */;
CREATE TABLE `region` (
  `id` int NOT NULL AUTO_INCREMENT,
  `name` varchar(100) CHARACTER SET utf8mb4 COLLATE utf8mb4_unicode_ci NOT NULL,
  `slug` varchar(110) CHARACTER SET utf8mb4 COLLATE utf8mb4_unicode_ci NOT NULL,
  `department_id` int NOT NULL,
  PRIMARY KEY (`id`),
  UNIQUE KEY `UNIQ_F62F1765E237E06` (`name`),
  UNIQUE KEY `UNIQ_F62F176989D9B62` (`slug`),
  KEY `IDX_F62F176AE80F5DF` (`department_id`),
  CONSTRAINT `FK_F62F176AE80F5DF` FOREIGN KEY (`department_id`) REFERENCES `department` (`id`)
) ENGINE=InnoDB AUTO_INCREMENT=91 DEFAULT CHARSET=utf8mb4 COLLATE=utf8mb4_unicode_ci;
/*!40101 SET character_set_client = @saved_cs_client */;

--
-- Dumping data for table `region`
--

LOCK TABLES `region` WRITE;
/*!40000 ALTER TABLE `region` DISABLE KEYS */;
INSERT INTO `region` VALUES (10,'Барысаўскі','barysauski',1),(11,'Бялыніцкі','byalynicki',6),(12,'Верхнядзвінскі','verhnyadzvinski',4),(13,'Глускі','gluski',6),(14,'Лельчыцкі','lelchycki',2),(15,'Мазырскі','mazyrski',2),(16,'Петрыкаўскі','petrykauski',2),(17,'Рэчыцкі','rechycki',2),(18,'Сьвіслацкі','svislacki',3),(19,'Слуцкі','slucki',1),(20,'Смаргонскі','smargonski',3),(21,'Старадарожскі','staradarozhski',1),(22,'Столінскі','stolinski',5),(23,'Чачэрскі','chacherski',2),(24,'Крупскі','krupski',1),(25,'Любанскі','lyubanski',1),(26,'Вілейскі','vileyski',1),(27,'Чэрвенскі','chervenski',1),(28,'Баранавіцкі','baranavicki',5),(29,'Пружанскі','pruzhanski',5),(30,'Мядзельскі','myadzelski',1),(31,'Ашмянскі','ashmyanski',3),(32,'Талачынскі','talachynski',4),(33,'Валожынскі','valozhynski',3),(34,'Хойніцкі','hoynicki',2),(35,'Дзятлаўскі','dzyatlauski',3),(36,'Лагойскі','lagoyski',1),(37,'Дрыбінскі','drybinski',6),(38,'Маларыцкі','malarycki',5),(39,'Гомельскі','gomelski',2),(40,'Сенненскі','sennenski',4),(41,'Шчучынскі','shchuchynski',3),(42,'Ваўкавыскі','vaukavyski',3),(43,'Астравецкі','astravecki',3),(44,'Бабруйскі','babruyski',6),(45,'Жыткавіцкі','zhytkavicki',2),(46,'Драгічынскі','dragichynski',5),(47,'Хоцімскі','hocimski',6),(48,'Брагінскі','braginski',2),(49,'Мастоўскі','mastouski',3),(50,'Стаўбцоўскі','staubcouski',1),(51,'Буда-Кашалёўскі','budaukashaleuski',2),(52,'Акцябрскі','akciabrski',2),(53,'Ельскі','elski',2),(54,'Кобрынскі','kobrynski',5),(55,'Чавускі','chavuski',6),(56,'Краснапольскі','krasnapolski',6),(57,'Горацкі','goracki',6),(58,'Крычаўскі','krychauski',6),(59,'Кіраўскі','kirauski',6),(60,'Мёрскі','merski',4),(61,'Лепельскі','lepelski',4),(62,'Аршанскі','arshanski',4),(63,'Гарадоцкі','garadocki',4),(64,'Ушацкі','ushacki',4),(65,'Дубровенскі','dubrovenski',4),(66,'Зэльвенскі','zelvenski',3),(67,'Навагрудскі','navagrudski',3),(68,'Іванаўскі','ivanauski',5),(69,'Лунінецкі','luninecki',5),(70,'Расонскі','rasonski',4),(73,'Івацэвічскі','ivacevichski',5),(74,'Жабінскі','zhabinski',5),(75,'Брэсцкі','brescki',5),(76,'Пінскі','pinski',5),(77,'Бярэзінскі','byarezinski',1),(78,'Дзяржынскі','dzyarzhynski',1),(79,'Клецкі','klecki',1),(80,'Копыльскі','kopylski',1),(81,'Нясвіжскі','nyasvizhski',1),(82,'Салігорскі','saligorski',1),(83,'Уздзенскі','uzdzenski',1),(84,'Маладзечанскі','maladzechanski',1),(85,'Клічаўскі','klichauski',6),(86,'Полацкі','polacki',4),(87,'Добрушскі','dobrushski',2),(88,'Нараўлянскі','naraulyanski',2),(89,'Калінкавіцкі','kalinkavicki',2);
/*!40000 ALTER TABLE `region` ENABLE KEYS */;
UNLOCK TABLES;

--
-- Table structure for table `song`
--

DROP TABLE IF EXISTS `song`;
/*!40101 SET @saved_cs_client     = @@character_set_client */;
/*!50503 SET character_set_client = utf8mb4 */;
CREATE TABLE `song` (
  `id` int NOT NULL AUTO_INCREMENT,
  `name` varchar(200) COLLATE utf8mb4_unicode_ci NOT NULL,
  `text` longtext COLLATE utf8mb4_unicode_ci NOT NULL,
  `genre` varchar(100) COLLATE utf8mb4_unicode_ci DEFAULT NULL,
  `artist` varchar(200) COLLATE utf8mb4_unicode_ci DEFAULT NULL,
  `area` varchar(30) COLLATE utf8mb4_unicode_ci DEFAULT NULL,
  `year` varchar(10) COLLATE utf8mb4_unicode_ci DEFAULT NULL,
  `record` varchar(40) COLLATE utf8mb4_unicode_ci DEFAULT NULL,
  `comments` longtext COLLATE utf8mb4_unicode_ci,
  `audio_origin` varchar(150) COLLATE utf8mb4_unicode_ci DEFAULT NULL,
  `audio_artist` varchar(150) COLLATE utf8mb4_unicode_ci DEFAULT NULL,
  `audio_rep` varchar(150) COLLATE utf8mb4_unicode_ci DEFAULT NULL,
  `region` varchar(40) COLLATE utf8mb4_unicode_ci DEFAULT NULL,
  `place` varchar(40) COLLATE utf8mb4_unicode_ci DEFAULT NULL,
  PRIMARY KEY (`id`)
) ENGINE=InnoDB AUTO_INCREMENT=20049 DEFAULT CHARSET=utf8mb4 COLLATE=utf8mb4_unicode_ci;
/*!40101 SET character_set_client = @saved_cs_client */;

--
-- Dumping data for table `song`
--

LOCK TABLES `song` WRITE;
/*!40000 ALTER TABLE `song` DISABLE KEYS */;
INSERT INTO `song` VALUES (20001,'Галубка на вішні','<p>Галубка на вішні голуб на чарэшні<br />\r\nГалубка на вішні голуб на чарэшні<br />\r\nОй скажы дзяўчына што маеш на мыслі<br />\r\nОй скажы дзяўчына што маеш на мыслі<br />\r\nЯ на мыслі маю цебе астаўляці<br />\r\nЯ на мыслі маю цебе астаўляці<br />\r\nЧэрэз родну маці чэрэз матуленьку<br />\r\nМушу пакідаці чорную брывеньку</p>\r\n','лірычная','Варган',NULL,NULL,NULL,'Запявае Кастусь Путронак',NULL,'Galubka-na-viszni.mp3',NULL,NULL,NULL),(20002,'Зайшло сонца за віконца','<p>Зайшло сонца за віконца,<br />\r\nЗа ві, за вішнёвы сад.<br />\r\nЦалуюцца дзеўка з хлопцам, 2 разы<br />\r\nА хто, а хто таму рад.</p>\r\n\r\n<p>А хто, а хто таму рад,<br />\r\nСама села ў край пасцелі,&nbsp;<br />\r\nЗажу, зажурылася. 2 разы</p>\r\n\r\n<p>Зажу, зажурылася.<br />\r\nНе журыся дзеўчынанька, 2 разы<br />\r\nБудзеш, будзеш ты мая.</p>\r\n\r\n<p>Будзеш, будзеш ты мая.<br />\r\nЁсьць у мяне бочка піва, 2 разы<br />\r\nА дру, а друга &ndash; віна.</p>\r\n\r\n<p>А дру, а друга &ndash; віна.<br />\r\nЁсьць у мяне колясочка, 2 разы<br />\r\nПоза- позалочана.</p>\r\n\r\n<p>Поза, позалочана.<br />\r\nЁсць у мяне конь вароны, 2 разы<br />\r\nГрыва, грыва залата.</p>\r\n','лірычная',NULL,NULL,NULL,NULL,NULL,NULL,NULL,NULL,NULL,NULL),(20004,'Да крута тая да дорожанька','<p>Да крута тая да дорожанька,<br />\r\nКрута йона, крута.<br />\r\nДа дурна дзеўка, да нерозумна,<br />\r\nШчой любіць рэкрута.<br />\r\nДа прыйшло пісьмо, да із волосьці ж,<br />\r\nДа рэкрут собірайся.<br />\r\nДа молодая дзяўчононька,<br />\r\nдай сома й оставайса.<br />\r\nДа ключу свойго да товарыша,<br />\r\nклічу ж його клічу ж.<br />\r\nДа ой я свойму да товарышу ж,<br />\r\nдзяўчонаньку ж зычу.</p>',NULL,NULL,NULL,NULL,NULL,NULL,NULL,NULL,NULL,NULL,NULL),(20005,'Дубровачка','<p>Шуміць-гудзе дубровачка,<br />\r\nДа плачыць-тужыць й удовачка.<br />\r\nПлачыць-тужыць, шчэ й рыдае,<br />\r\nДа й на бітой шлях паглядае.<br />\r\nБітым шляхам уланы едуць,<br />\r\nДа й мойго мужа коня вэдуць.<br />\r\nОй, уланы ж маладыя,<br />\r\nДа й дзе ж вы мойго мужа дзелі?<br />\r\nДзе ж вы мойго мужа дзелі,<br />\r\nДа дзе ж вы яго коня ўзялі?<br />\r\nЎ чыстым полі траўка шуміць,<br />\r\nДа й у той траўцы твой муж ляжыць.<br />\r\nЙ у той траўцы твой муж ляжыць,<br />\r\nДа правай ручкай шаблю дзержыць.<br />\r\nПравай ручкай шаблю дзержыць,<br />\r\nДа левай ручкай росу бярэ.<br />\r\nЛевай ручкай росу бярэ,<br />\r\nДа й на сэрдэнько полівае.<br />\r\nРоса моя росяная,<br />\r\nДа й душа моя жывушчая<br />\r\nДуша моя жывушчая,<br />\r\nДа й жана моя молодая.</p>',NULL,NULL,NULL,NULL,NULL,NULL,NULL,NULL,NULL,NULL,NULL),(20006,'Зашумела сасоначка','<p>Зашумела сасоначка над усходам Слонца,<br />\nЗаплакала дзяўчынанька, гледзячы ў аконца. (2х)<br />\nА мая ж ты матулянька, чаму ня будзіла,<br />\nЯк першая компанячка ў войска вырушыла. (2х)<br />\nА мая ты дачушанька, таго (я) ня будзіла,<br />\nШто твой мілы ўпярод пашоў, каб ты ня тужыла. (2х)<br />\nА мая ты матулянька, ні тужу, ні плачу,<br />\nТолька выйду на вулачку - сьцежанькі ні бачу. (2х)<br />\nА мая ты матулянька, купі ты мне шолку,<br />\nБуду шыці-вышываці мілому кашульку. (2х)<br />\nШыла-шыла, вышывала - ні хваціла шолку,<br />\nЛюбілася-кохалася ні дазнала толку. (2х)</p>',NULL,NULL,NULL,NULL,NULL,NULL,'Zaszumiela-sasonaczka.mp3',NULL,NULL,NULL,NULL),(20007,'Ой, на горе да й карчомачка','<p>Ой, на горе да й карчомачка,<br />\r\nОй, да там і чумак, ох, і напіваўся.<br />\r\nОй, там чумак да й напіваўся,<br />\r\nОй, а конь і з арлом, ох, і паспрачаўся.<br />\r\nОй, а конь кажа: я й сільней цябе,<br />\r\nА арол і кажа: ох, я быстрэй цябе.<br />\r\nОй, конь бяжыць да й дарогаю,<br />\r\nА арол ляціць, ох, і дуброваю.<br />\r\nОй, конь бяжыць, да й зямля дрыжыць,<br />\r\nА арол ляціць, ох і гая шуміць.<br />\r\nПрыбяжаў конь да й на краіну,<br />\r\nОй, да ждаў і орла, ох, і час-гадзіну.<br />\r\n? Дзе ж ты, орле, ой, завабіўся,<br />\r\nШто й на час-гадзіну, ох, і запазніўся?<br />\r\n? За Дунаем я дзеток маю,<br />\r\nОй, дзе ні бываю, ўсё іх атвядаю.<br />\r\nОй, ляцелі да й воронята,<br />\r\nДа й позабівалі моіх дзіцянятак.<br />\r\nПокуль з імі да й расправіўся,<br />\r\nТо й на час-гадзіну, ох, і запазніўся.<br />\r\nЎзняўся орле да ў неба высока,<br />\r\nОй, даўся аб зямлю аб сыру глыбока.<br />\r\nА конь стаіць да й думу ж мае,<br />\r\nОй, якая смерць, ох, і сам ня знае.</p>','чумацкая','Кудзьмень',NULL,NULL,'І. Мазюк',NULL,NULL,NULL,NULL,'Івацэвічскі',NULL),(20008,'Ой, ты сонца да яснае сонейко','<p>Ой, ты сонца да яснае сонейко, <br />\r\nЧаго раненіко й усходзіла</p>\r\n\r\n<p>Чаго раненіко й усходзіла.<br />\r\nЧаго позна да закацілася.</p>\r\n\r\n<p>Чаго позна да закацілася.<br />\r\nОй, на мяне матушка бранілася.</p>\r\n\r\n<p>Не браніся да родная матушка.<br />\r\nБыў у мяне да любы госьцічак.</p>\r\n\r\n<p>Любы госьцік, да родны брацічок.<br />\r\nТо я его да ўсё праводзіла.</p>\r\n\r\n<p>То я его да ўсё праводзіла.<br />\r\nДа й за тыя лесы цёмныя.</p>\r\n\r\n<p>Да й за лесы, да лесы цёмныя.<br />\r\nДа й за тыя садзікі вішнёвыя.</p>',NULL,NULL,NULL,NULL,NULL,NULL,NULL,NULL,NULL,NULL,NULL),(20009,'Ой да сонца да сонца да яснае','<p>Ой да сонца да сонца да яснае, <br />\r\nОй да чаго ж ты раненька узыходзіла.</p>\r\n\r\n<p>Да чаго ж ты да раненька усходзіла.<br />\r\nОй, ой да позненька да закацілася.</p>\r\n\r\n<p>Ой да позна да закацілася.<br />\r\nОй да на мяне маменька бранілася.</p>\r\n\r\n<p>Не браніся да родна же маменька.<br />\r\nОй быў у мяне госьцік да родны браценька.</p>\r\n\r\n<p>Я ж яго да праважала.<br />\r\nОй цераз тыя цёмныя да высокі леса.</p>\r\n\r\n<p>Нас было да толька да двоечка<br />\r\nОй сестріца родна да родны браценька.</p>',NULL,NULL,NULL,NULL,NULL,NULL,NULL,NULL,NULL,NULL,NULL),(20010,'По садочку ходжу','<p>По садочку ходжу, коня ў ручках воджу,<br />\r\nЧэрэз свое маты нэжонаты ходжу.<br />\r\nЧэрэз свое маты, чэрэз свое сэстры,<br />\r\nНэ даюць Марусю дохаты прывэсты.<br />\r\nМаты пэрэпрошу, сэстры пэрэможу:<br />\r\n&ndash; Прывэду Марусю як чырвону ружу.<br />\r\nЙ узышоў Месячык з двума зорэчкамы,<br />\r\nУвайшла Маруся з двума дружэчкамы.<br />\r\nУвайшла Маруся, стала й у порозэ,<br />\r\nЗмэнылося лычко, полылыся слёзы.<br />\r\nУвайшла Маруся, стала й у куточку:<br />\r\n&ndash; Прымы ж мэнэ, маты, як рідную дочку.<br />\r\n&ndash; Дам тэбэ, Маруся, коня вороного,<br />\r\nНэ любы, Маруся, ты сыночка мойго.<br />\r\n&ndash; А я коня продам, грошай набэруса,<br />\r\nМнэ ваш сын хорошы, нэ налюбуюса.<br />\r\n&ndash; Дам тэбэ, Маруся, пэрсьня золотого,<br />\r\nНэ любы, Маруся, ты сыночка мойго.<br />\r\n&ndash; А я пэрсьня возьму, шчэй носіты буду,<br />\r\nМнэ ваш сын хорошы, я любыты буду.<br />\r\nПо садочку ходжу, коня ў ручках воджу,<br />\r\nХоч маты погана, я жонаты ходжу.</p>','лірычная',NULL,NULL,NULL,NULL,NULL,NULL,NULL,NULL,NULL,NULL),(20011,'Із-пад лесу із-пад горы','<p>&nbsp;Із-пад лесу із-пад горы (да)<br />\r\nВыйшла ротушка солдат,<br />\r\n&nbsp;Выйшла ротушка солдат(а)<br />\r\nМеж собою гавораць,<br />\r\n&nbsp;Трудна трудна нам, ребята,<br />\r\nЗолотыя горы взяць,<br />\r\n&nbsp;А яшчэ нам потруднее<br />\r\nШчэй под пушкі подбежаць,<br />\r\n&nbsp;Шчэй под пушкі подбежаць,<br />\r\nЗакрычалі нам &quot;Ура&quot;,<br />\r\n&nbsp;Закрычалі нам &quot;Ура&quot;,<br />\r\nЗадрыжала вся зямля,<br />\r\n&nbsp;Задрыжала вся зямля (да),<br />\r\nУслыхала маць родная,<br />\r\n&nbsp;Услыхала маць родная,<br />\r\nШчой сыночка ўжэ няма,<br />\r\n&nbsp;Погіб погіб мой сыночак<br />\r\nВ чужой дальней стороне,<br />\r\n&nbsp;В чужой дальней стороне (да)<br />\r\nНа германской на войне (на земле)</p>',NULL,NULL,NULL,NULL,NULL,NULL,NULL,NULL,NULL,NULL,NULL),(20012,'Салдацік ляжыць','<p>Салдацік ляжыць<br />\r\n(Ой) ніхто ж к тому целу<br />\r\nсалдацка(о)му белу<br />\r\nне прыступае</p>\r\n\r\n<p>Ой забалела<br />\r\n(Ой) забалела цело<br />\r\nСалдацка(о)е бела(о)<br />\r\nДа й галованька</p>\r\n\r\n<p>Ой не заплачэ<br />\r\n(Ой) ніхто ж не заплачэ<br />\r\nПо беламу целу<br />\r\n&nbsp;По салдацкаму</p>\r\n\r\n<p>Ні айцец ні ма..й<br />\r\nНі айцец ні маці<br />\r\nНі брат ні сястрыца<br />\r\n&nbsp;Ні жана яго</p>\r\n\r\n<p>Толькі заплачэ<br />\r\n(ой) да толькі заплачэ<br />\r\nПо беламу целу<br />\r\nТаварыш яго</p>\r\n\r\n<p>Даруй мяне бра&hellip;й<br />\r\nДаруй мяне брацец<br />\r\nВерны мой таварыш<br />\r\nМожа я й памру</p>\r\n\r\n<p><br />\r\nЗробіш ты мне бра&hellip;й<br />\r\nЗробіш ты мне братец<br />\r\nВерны мой таварыш<br />\r\n&nbsp;З дуб дрэва труну</p>\r\n\r\n<p>Пахавай мяне<br />\r\n(ой) пахавай мяне братец<br />\r\nВерны мой таварыш<br />\r\nВ зялёным саду</p>\r\n\r\n<p>В зялёным саду<br />\r\n(ой) в зялёным садочку<br />\r\nНа жоўтым пясочку<br />\r\nпад калінаю</p>\r\n\r\n<p>Расьці каліна<br />\r\n(Ой) расьці калінонька<br />\r\nВысока высока<br />\r\nКучаравая</p>\r\n\r\n<p>Распусьці голле<br />\r\n(Ой) распусьці ты голле<br />\r\nЗь верху да кораня<br />\r\nЛістатованьку</p>\r\n\r\n<p>Ой укрый мяне<br />\r\nУкрый маё цела<br />\r\nСалдацкае бела<br />\r\nДый галованьку</p>\r\n\r\n<p><br />\r\nКаб маё цела<br />\r\n(ой) каб маё да й цела<br />\r\nСалдацка (о)е бело<br />\r\nДа й не чарнело</p>\r\n\r\n<p>Ад яснага со&hellip;й<br />\r\nАд яснага сонца<br />\r\nАд буйнога ветру<br />\r\nДа й не марнело</p>','салдацкая',NULL,NULL,NULL,NULL,NULL,NULL,NULL,NULL,NULL,NULL),(20013,'Ой, у полі жыто','<p>Ой, у полі жыто, капытамі збіто,<br />\r\nПад белаю бярозаю казачэнька ўбіта.<br />\r\nУбіта-убіта, зацягнена ў жыто,<br />\r\nЧырвонаю кітаечкой лічынько накрыто.<br />\r\nЯк прышла дзяўчына з чорнымі вачыма,<br />\r\nЯк (Ды й) падняла кітаечку да й загаласіла.<br />\r\nЯк прышла другая - тая не такая,<br />\r\nДай падняла кітаечку, да й пацалавала.<br />\r\nЯк прыйшла трэцяя з багатае хаты,<br />\r\nБыло табе, казачэнько, нас трох не кахаці.<br />\r\nОй, хто тры кахае, той долі не мае.<br />\r\nПад белаю бярозаю няхай прападае.</p>',NULL,NULL,NULL,NULL,NULL,NULL,NULL,NULL,NULL,NULL,NULL),(20014,'Із-пад горкі пад крутой','<p>&nbsp;Із-пад горкі пад крутой едзе маёр маладой<br />\r\nлевай правай зялёнай дубравай<br />\r\nедзе маёр маладой<br />\r\n&nbsp;Едзе маёр маладой нежанаты халастой<br />\r\nлевай правай зялёнай дубравай<br />\r\nнежанаты халастой<br />\r\n&nbsp;Нежанаты халастой дзержыць шаблю пад рукой<br />\r\nлевай правай зялёнай дубравай<br />\r\nдзержыць шаблю пад рукой<br />\r\n&nbsp;Дзержыць шаблю пад рукой разгаварывае з ёй<br />\r\nлевай правай зялёнай дубравай<br />\r\nразгаварывае з ёй<br />\r\n&nbsp;Ой ты шабелька мая бараніла ты мяне<br />\r\nлевай правай зялёнай дубравай<br />\r\nбараніла ты мяне<br />\r\n&nbsp;Бараніла ты мяне ў чужой дальней старане<br />\r\nлевай правай зялёнай дубравай<br />\r\nў чужой дальней старане<br />\r\n&nbsp;Ў чужой дальней старане на праклятай той вайне<br />\r\nлевай правай зялёнай дубравай<br />\r\nна праклятай той вайне</p>',NULL,NULL,NULL,NULL,NULL,NULL,NULL,NULL,NULL,NULL,NULL),(20015,'Мне ня спіцца','<p>Мне ня спіцца а ўсё дрэмаецца<br />\r\nКонь вароны а ўсё спатыкаецца<br />\r\nПашлю каня ой на яр на даліну<br />\r\nСам я ляжу ой на час на часіну<br />\r\nЁсць у поле а ў поле крынічэнька<br />\r\nТам гуляла ой дзеўка дзявічэнька<br />\r\nСцебанула ой да парня па лічэньку<br />\r\nУстань праснісь ой парень парянёчак<br />\r\nНаехалі а ўсё чужаземцы<br />\r\nХочуць цябе ой пасеч парубаці<br />\r\nВаранога ой каня дарма ўзяці</p>',NULL,NULL,NULL,NULL,NULL,NULL,NULL,NULL,NULL,NULL,NULL),(20018,'Да булі леса','<p>Да булі леса, цепер паля,<br />\r\nДа была Польшча, цепер воля.<br />\r\nДа была Польшча, цепер воля,<br />\r\nДа й урынае туман з мора.<br />\r\nДа туман з мора урынае,<br />\r\nДа маці з сыном размаўляе:<br />\r\n― Да не едзь, сынку, начуй дома, ―<br />\r\nДа сынок мамкі не паслухаў,<br />\r\nДа сынок мамкі не паслухаў,<br />\r\nАседлаў каня, сеў, паехаў.<br />\r\nАседлаў каня, сеў, паехаў<br />\r\nДа дарогаю шырокаю,<br />\r\nДа дарогаю шырокаю,<br />\r\nДа далінаю глыбокаю.</p>\r\n',NULL,NULL,NULL,NULL,NULL,NULL,NULL,NULL,NULL,NULL,NULL),(20019,'Жураўко','<p>Ой жураўко жураўко (2р.)<br />\n&nbsp;Чого крачэш шчо ранко<br />\nЯк жа мэне нэ кракаць (2р.)&nbsp;<br />\n&nbsp;Як так высоко літаць<br />\nКлін-дэрэвцэ ў саду (2р.)&nbsp;<br />\n&nbsp;До лысточка прыпаду<br />\nДо лысточка прыпаду (2р.)<br />\n&nbsp;Свое дытя згадаю<br />\nСвое дытя згадаю (2р.)&nbsp;<br />\n&nbsp;Як вэчэраць сядаю<br />\nЯк вэчэраць сядаю (2р.)&nbsp;<br />\n&nbsp;Усе ложкі шчытаю<br />\nОдна ложка лышняе (2р.)&nbsp;<br />\n&nbsp;Дэсь у світы дытя е<br />\nОдбылося од роду (2р.)&nbsp;<br />\n&nbsp;Як той камэнь у ваду<br />\nУпав камень тай лэжыць (2р.)<br />\n&nbsp;На чужыне тяжко жыть<br />\nНа чужыні тяжко жыть (2р.)<br />\n&nbsp;Ныма кому пожаліть<br />\nПожалее чужына (2р.)&nbsp;<br />\n&nbsp;Ны знатыме родына<br />\nНы дай, Божэ, помырать (2р )<br />\n&nbsp;Ныма кому похавать<br />\nПохавае чужына (2р.)<br />\n&nbsp;Ны знатыме родына<br />\nПожалее вышнів сад (2р.)<br />\n&nbsp;Ны знатыме сыстра й брат</p>\n\n','лірычная',NULL,NULL,NULL,NULL,NULL,NULL,NULL,NULL,NULL,NULL),(20020,'Па сіняму мору макі зацвітаюць','<p>Па сіняму мору макі зацвітаюць,<br />\r\nЗацвітаюць макі, а ўсё чырваныя.<br />\r\nЗацвітаюць макі, а ўсё чырваныя,<br />\r\nОй, ідуць рэкруты, хлопцы маладыя.<br />\r\nОй, выйшла маці, стала на парозе,<br />\r\nПазнала сыночка ў дзевятым абозе.<br />\r\n― Ой, вярніся, сынку, вярніся дадому,<br />\r\nОй, выберы сабе валы палавыя.<br />\r\nОй, выберы сабе валы палавыя<br />\r\nІ ідзі араці дарожкі крутыя.<br />\r\n― Ой, лепей мне, мамка, ўвесь свет вандраваці,<br />\r\nОй, ніж мне крутыя дарожкі араці.<br />\r\n― Ой, вярніся, сынку, вярніся дадому,<br />\r\nОй, выберы сабе косаньку гаструю.<br />\r\nОй, выберы сабе косаньку гаструю<br />\r\nІ ідзі касіці траву шаўкавую.<br />\r\n― Ой, лепей мне, мамка, шабельку насіці,<br />\r\nОй, ніж шаўкавую травіцу касіці.</p>\r\n',NULL,NULL,NULL,NULL,NULL,NULL,NULL,NULL,NULL,NULL,NULL),(20021,'Цёмна ночка наступае','<p>Цёмна ночка наступае,&nbsp;<br />\r\n&nbsp; (х2 кожны няцотны радок)<br />\r\nЖаўнер коніка сядлае,<br />\r\nАсядлаўшы уздыхае,<br />\r\nНа ваёнку выязджае.<br />\r\n― Еду поле і другое,<br />\r\nНа трэця й уз&#39;язджаю.<br />\r\nВерны конік паклыпае,<br />\r\nСон галоўку абымае.<br />\r\nПушчу каня на даліну,<br />\r\nА сам лягу на гадзіну.<br />\r\nСплю гадзінку, сплю другую<br />\r\nІ трэцюю не буджуся.<br />\r\nШчаслівая гадзінанька,<br />\r\nСкуль ўзялася дзяўчынанька:<br />\r\n― Ўставай, жаўнер, досі спаці,<br />\r\nТвайго каня не відаці.<br />\r\nІдзе войска незмярное,<br />\r\nНезлічонае, страшное.<br />\r\nВозьмуць каня варанога,<br />\r\nЗаб&#39;юць цябе, маладога.<br />\r\nКаня возьмуць ― другі будзе,<br />\r\nЦябе заб&#39;юць ― мне жаль будзе.<br />\r\n― Ці ты мяне, дзеўка, любіш,<br />\r\nШто мяне так рана будзіш?<br />\r\n― Каб я цябе не любіла,<br />\r\nТо б я рана не будзіла.</p>\r\n','казацкая',NULL,'Гарадзенская',NULL,NULL,'Ашмянскі павет \r\n',NULL,NULL,NULL,'Ашмянскі',NULL),(20022,'Та з-пад бору','<p>Та з-пад бору, бору цёмнаго,<br />\r\nЗ-пад явору, з-пад зялёнаго<br />\r\nВылятала пташка райская,<br />\r\nВынасіла пісьмо царскаё.<br />\r\nВынасіла пісьмо царскаё,<br />\r\nНапісана: &ldquo;ґасударскаё&rdquo;,<br />\r\nКаб малойцы сабіраліся,<br />\r\nЗ айцом-мацей распрашчаліся.<br />\r\n? Ці ў матулі не сыночкам я быў,<br />\r\nЦі татулю я неверна служыў?<br />\r\nПрашчай, айцец, прашчай, маці мая,<br />\r\nПрашчай уся родна сем&rsquo;я.<br />\r\nЦар на вайну забірая мяне,<br />\r\nОй, загіну я ў чужой старане.</p>\r\n','рэкруцкая',NULL,NULL,'1974',NULL,NULL,NULL,NULL,NULL,NULL,NULL),(20023,'Посею й гурочкі','<p>Посею й гурочкі<br />\r\nЎ вішнёвом садочку<br />\r\nНе бачыла й міленькага<br />\r\nЧатыре гадочкі.<br />\r\nНе бачыла й міленькага<br />\r\nЧатыре гадочкі.</p>\r\n\r\n<p>Токо я й бачыла,<br />\r\nЯк волы займала<br />\r\nДа й на мене й молодога<br />\r\nСкоса погледала.<br />\r\nДа й на мене й молодога<br />\r\nСкоса поглядала.</p>\r\n\r\n<p>А я яму &quot;Здраствуй!&quot;<br />\r\nЁн мене нічого.<br />\r\nПодойдзі жэ к коню бліжэй<br />\r\nЗ коня поцолуй.<br />\r\nПодойдзі жэ к коню бліжэй<br />\r\nЗ коня поцолуй.</p>\r\n','лірычная',NULL,NULL,NULL,NULL,NULL,NULL,NULL,NULL,NULL,NULL),(20024,'Дунаю','<p>&mdash; Дунаю-Дунаю, чаму ціха йдзеш?<br />\r\n&mdash; А як мне, Дунаю, паціху ня йсці?<br />\r\nНа мне, на Дунаю, тры чаўны ідуць,<br />\r\nА ў адным чаўночку конікі ірзуць.<br />\r\nУ другім чаўночку малайцы пяюць,<br />\r\nА ў трэцім чаўночку дзяўчаты плачуць.<br />\r\nКонікі ірзуць, бо вайну чуюць,<br />\r\nМалайцы пяюць &mdash; на вайну ідуць.<br />\r\nМалайцы пяюць &mdash; на вайну ідуць,<br />\r\nДзяўчаты плачуць, што ў палон бяруць.<br />\r\nДа прыйшоў да яе сам пан-капітан:<br />\r\n&mdash; Чаго ты, дзяўчынка, так сільна плачаш?<br />\r\nЧаго ты, дзяўчынка, так сільна плачаш?<br />\r\nА ці ты, дзяўчынка, замуж не хочаш?<br />\r\nЎзяў бы я за сябе ― ня роўна ты мне;<br />\r\nВазьму я цябе за свайго слугу.<br />\r\nЯму будзеш жана, а мне мілая,<br />\r\nЯму будзеш пасцель слаць, са мной ляжаш спаць.<br />\r\n&mdash; Няпраўда твая, сам пан-капітан,<br />\r\nКаму буду пасцель слаць, з тым і лягу спаць.<br />\r\nА ці свецяць два месяцы пры адной зары?<br />\r\nДы й не жывуць два мужы пры адной жане.<br />\r\n&mdash; Дзяўчына-дзяўчыначка размыслёная,<br />\r\nБыла б твая галовачка з плеч зрублёная.</p>\r\n',NULL,NULL,NULL,NULL,NULL,NULL,NULL,NULL,NULL,NULL,NULL),(20025,'Зашумела шум-дуброўка','<p>Зашумела шум-дуброўка,<br />\r\nОй заплакала млода ўдоўка.<br />\r\nОй заплакала млода ўдоўка.</p>\r\n\r\n<p>Заплакала затужыла,<br />\r\nА што ж я ў Бога заслужыла,<br />\r\nА што ж я ў Бога заслужыла.</p>\r\n\r\n<p>У сенрожкі з вайны едуць,<br />\r\nА майго дружка коня вядуць,<br />\r\nА майго дружка коня вядуць.</p>\r\n\r\n<p>Ой мой конік вараненькі,<br />\r\nА дзе ж мой дружок маладзенькі.<br />\r\nА дзе мой дружок маладзенькі.</p>\r\n\r\n<p>У чысту полі пры даліне,<br />\r\nОй ляжыць дружок як быліна,<br />\r\nОй ляжыць дружок як быліна.</p>\r\n\r\n<p>У правой ручцэ шаблю дзёржыць<br />\r\nА на левую нахіляе<br />\r\nА на левую нахіляе.</p>\r\n\r\n<p>На левую нахіляе,<br />\r\nІ з таварышам размаўляе,<br />\r\nІ з таварышам размаўляе.</p>\r\n\r\n<p>Ты таварыш брацяц раднай,<br />\r\nА накажы жане маёй,<br />\r\nОй накажы жане маёй,</p>\r\n\r\n<p>Няхай яна міні не жжэ,<br />\r\nІ нехай сабе замуж ідзе,<br />\r\nІ нехай сабе замуж ідзе.</p>\r\n\r\n<p>Калі ей там лепей будзе,<br />\r\nТо яна мене прызабудзе,<br />\r\nТо яна ж мене прызабудзе.</p>\r\n\r\n<p>А калі ёй будзе гора будзе,<br />\r\nТо яна па мне плакаць будзе,<br />\r\nТо яна па мне плакаць будзе.</p>\r\n',NULL,NULL,NULL,NULL,NULL,NULL,NULL,NULL,NULL,NULL,NULL),(20026,'Кучарочкі','<p>Кучарочкі шчэй малыя гоняць коней да вады<br />\r\nяшчэ конік не напіўся кучарочак затапіўся<br />\r\nпабаў вонкы пабіў рамы пашлю мілай ціліграму<br />\r\nціліграма ідзёт па нікте не даходць к маей мілке</p>\r\n\r\n<p>Кучарочкі шчэ й малыя гоняць коней да вады,&nbsp;<br />\r\nКуварвечароварвочкі шчэ й варвімалыварвія&nbsp;<br />\r\nГоварвоняць коварвоней да вады.&nbsp;</p>\r\n\r\n<p>Яшчэ конік не напіўся, кучарочак затапіусь,&nbsp;<br />\r\nЯварвішчэ коварвонік не варвінапіварвіўся&nbsp;<br />\r\nКуварвечароварвочак заварвітапіварвіўся.&nbsp;</p>\r\n\r\n<p>Паб&rsquo;ю вокны, паб&rsquo;ю рамы, пашлю к мілай целеграм,&nbsp;<br />\r\nПаварвыб&rsquo;ю воварвокны, паварвыб&rsquo;ю рамырвамы,&nbsp;<br />\r\nПаварвышлю к міварвілке целевелеграмарваму.&nbsp;</p>\r\n\r\n<p>Целеграма йдзёт па нітке, не даходзіт маёй міл,&nbsp;<br />\r\nЦелевелеграмарвама йдзётварвёт па ніварвітке,&nbsp;<br />\r\nНе варвідаховарводзят ковар маёй міварвілке.</p>\r\n','жартоўная',NULL,NULL,NULL,NULL,NULL,NULL,NULL,NULL,NULL,NULL),(20027,'Польшча','<p>Да булі леса, цепер паля,<br />\r\nДа была Польшча, цепер воля.<br />\r\nДа была Польшча, цепер воля,<br />\r\nДа й урынае туман з мора.<br />\r\nДа туман з мора урынае,<br />\r\nДа маці з сыном размаўляе:<br />\r\n― Да не едзь, сынку, начуй дома, ―<br />\r\nДа сынок мамкі не паслухаў,<br />\r\nДа сынок мамкі не паслухаў,<br />\r\nАседлаў каня, сеў, паехаў.<br />\r\nАседлаў каня, сеў, паехаў<br />\r\nДа дарогаю шырокаю,<br />\r\nДа дарогаю шырокаю,<br />\r\nДа далінаю глыбокаю.</p>\r\n',NULL,NULL,NULL,NULL,NULL,NULL,NULL,NULL,NULL,NULL,NULL),(20028,'Ой по морі по морі','<p>Ой по морі по морі&nbsp;<br />\r\nГуляв козак до волы</p>\r\n\r\n<p>Він гуляе гуляе<br />\r\nДы на хлопців моргае<br />\r\n&nbsp;<br />\r\nВы та хлопці молодці<br />\r\nНакажыце той дзівцы</p>\r\n\r\n<p>Накажыце той дзівці<br />\r\nШо в чорвоной кохтоццы</p>\r\n\r\n<p>Шо в чорвоной кохтоццы<br />\r\nДа в шовковой хустоццы<br />\r\n&nbsp;<br />\r\nХай вона мене не жде<br />\r\nНехай вона замуж йде</p>\r\n\r\n<p>А дівчкіна почула<br />\r\nДай рукамі спляснула</p>\r\n\r\n<p>Дай рукамі спляснула<br />\r\nДай до роду мохнула</p>\r\n\r\n<p>Порадь роду што робіці<br />\r\nНе хоче козак любіты&nbsp;</p>\r\n\r\n<p>Іды дівка до гаю<br />\r\nШукай залля розмаю</p>\r\n\r\n<p>Шче до гаю не дойшла<br />\r\nРозмай зіллечко найшла</p>\r\n\r\n<p>Выкопала кореньця<br />\r\nЗ под белого коменьця</p>\r\n\r\n<p>Поласкала у руці,&nbsp;<br />\r\nПосушіла на руці&nbsp;</p>\r\n\r\n<p>Посушіла на руці&nbsp;<br />\r\nДа прынесла да дому</p>\r\n\r\n<p>Прыставіла до жару&nbsp;<br />\r\nСама сіла у жалю<br />\r\n&nbsp;<br />\r\nЯшчэ корень не вскіпів&nbsp;<br />\r\nА уже козак прылітів</p>\r\n\r\n<p>А уже козак прылітів<br />\r\nДа чого ж ты прылітів<br />\r\n&nbsp;<br />\r\nДа чого ж ты прылітів<br />\r\nТо ты ж мене не хотів&nbsp;</p>\r\n\r\n<p>А шо ж тэбе прынесло&nbsp;<br />\r\nЧы сівы кінь чы весло</p>\r\n\r\n<p>Прынес мене сівы кінь<br />\r\nДо дівчіны на спокій</p>\r\n\r\n<p>До дівчіны Маріны&nbsp;<br />\r\nНа пуховы пырыны</p>\r\n\r\n<p>До дівчіны до душкі&nbsp;<br />\r\nНа пуховы подушкі</p>\r\n\r\n<p>Ляціла куля через горю<br />\r\nДа й поряніла грюдь мою.</p>\r\n\r\n<p>Да й поряніла грюдь мою,<br />\r\nДа й побреніла крёв речкою.</p>\r\n\r\n<p>Да й побреніла крёв речкою<br />\r\nПрямо до того Дунаю.</p>\r\n\r\n<p>Прямо до того Дунаю,<br />\r\nДэж моя маты ж воду брала.</p>\r\n\r\n<p>Дэж моя маты воду брала<br />\r\nДа й свого сына спомынала.</p>\r\n\r\n<p>Ой, знаты знаты що есць война,<br />\r\nШо ж мого сына в дома нэма.</p>\r\n','паходная','Клімчук Федор','Берасцейская',NULL,NULL,NULL,NULL,NULL,NULL,'Драгічанскі','Сіманавічы'),(20029,'Каліна-маліна','<p>Каліна-маліна, чыр()воная, жар()ка,<br />\r\nОй, там заплакала сал()дацкая жон()ка.<br />\r\nЙ вона заплакала, сільно зарыдала,<br />\r\nШчо (й) свого мілого в сал()даты й отдала.<br />\r\nЙ отдала в() сал()даты, й у город() Вар()шаву.&nbsp;<br />\r\nОй,там (й) у Варшаве набор набіралі,<br />\r\nНабор набіралі, до прыёму бралі,<br />\r\nЗа хазяйскім сыном й оцец, маці п()лачуць,<br />\r\nЙ а за сіротою чор()ный ворон крачэ.</p>\r\n',NULL,NULL,NULL,NULL,NULL,NULL,NULL,NULL,NULL,NULL,NULL),(20030,'У тры рады, у тры полі','<p>У тры рады, у тры полі<br />\r\nСедзіць сокал на таполі<br />\r\nГэй, гэй, уха-ха, седзіць сокал на таполі,</p>\r\n\r\n<p>Седзіць сокал на таполі,<br />\r\nПее песню па неволі.<br />\r\nГэй, гэй, уха-ха, пее песню па неволі.&nbsp;</p>\r\n\r\n<p>Пее песню па неволі.<br />\r\nГодзі, сокол, шчэбетаці<br />\r\nГэй, гэй, уха-ха, годзі, сокол, шчэбетаці.&nbsp;</p>\r\n\r\n<p>Годзі. сокол. шчэбетаці.<br />\r\nЗавтрэ рано трэба встаці.<br />\r\nГэй, гэй, уха-ха, завтрэ рано трэба встаці,&nbsp;</p>\r\n\r\n<p>Завтрэ рано трэба встаці.<br />\r\nШырокій ліст напісаці,<br />\r\nГэй, гэй, уха-ха, шырокій ліст напісаці.&nbsp;</p>\r\n\r\n<p>Шырокій ліст напісаці,<br />\r\nБацьку й мацеры паслаць&nbsp;<br />\r\nГэй, гэй, уха-ха, бацьку й мацеры паслаць.&nbsp;</p>\r\n\r\n<p>Бацько й маці прачытае&nbsp;<br />\r\nЯк сын в войску пражывае,<br />\r\nГэй, гэй, уха-ха, як сын в войску пражывае,&nbsp;</p>\r\n\r\n<p>Як сын в войску пражывае,<br />\r\nГоркі слезы пралівае.<br />\r\nГэй, гэй, уха-ха, горкі слезы пралівае.</p>\r\n',NULL,NULL,NULL,NULL,NULL,NULL,NULL,NULL,'U-try-rady-u-try-poli.mp3',NULL,NULL),(20031,'Даліна-далінушка','<p>Даліна-далінушка, даліна шырокая,<br />\r\nПа табе, далінушка, туман расцілаецца,&nbsp;<br />\r\nТуман расцілаецца, месяц нараджаецца.<br />\r\nМесяц нараджаецца, хлопец задумляецца.<br />\r\nХлопец задумляецца, ў сваты зьбіраецца,&nbsp;<br />\r\nЎ сваты сабіраецца, у маці пыгаецца:&nbsp;<br />\r\nКого ж я любіць буду, кого я кохаць буду?</p>\r\n','лірычная',NULL,NULL,NULL,NULL,NULL,NULL,NULL,NULL,NULL,NULL),(20032,'Голуб на дубочку, голубка на віышні','<p>Голуб на дубочку, голубка на віышні,&nbsp;<br />\r\nСкажы, мылы, правду, што в тэбэ на мыслі?&nbsp;<br />\r\nА в мэнэ на мыслі тэбэ покідаты -<br />\r\nЧэрэз ворожэньку нэ можу я взяты.<br />\r\nЧэрэз ворожэнькы, шчэ й чэрэз ворожкы&nbsp;<br />\r\nДо мэйі мылэйі болять моі ножкы.<br />\r\nДо мэі мылэі стэжэчка вузэнька,<br />\r\nНэхто нэ пэрэйдэ - но моя мылэнька.<br />\r\nБо моя мылэнька ступае дрібнэнько,<br />\r\nВ правуй руці ключык од мого сэрдэнька.</p>\r\n','лірычная',NULL,NULL,NULL,NULL,NULL,NULL,NULL,NULL,NULL,NULL),(20033,'А ў боры ў боры тры дорожэнькі','<p>А ў боры ў боры тры дорожэнькі.&nbsp;<br />\r\nГэй-гэй, гэй-гэй, тры дорожэнькі.&nbsp;<br />\r\nТудою ішло тры салдацікі.<br />\r\nХто до мамкі йдэ - песенькі пое.&nbsp;<br />\r\nХто до жынкі йдэ - в скрыпочку грае.&nbsp;<br />\r\nХто до мачохі - сылнэнько плачэ.<br />\r\nВстрэчае маці ў пов-дорожэнькі&nbsp;<br />\r\nІ з хлебом - соллью, шчасьцем з долею.&nbsp;<br />\r\nВстрэчае жынка у воротэчках&nbsp;<br />\r\nІ з белым сыром, і з малым сыном.<br />\r\nОх а мачоха дай на порозе,<br />\r\nДай на порозе, дай на морозе.</p>\r\n','салдацкая',NULL,NULL,NULL,NULL,NULL,NULL,NULL,'A-u-bary-bary.mp3',NULL,NULL),(20034,'Як прыехав козачэнько з поля','<p>Як прыехав козачэнько з поля&nbsp;<br />\r\nДай прыв&#39;язав коня до явора.</p>\r\n\r\n<p>Дай прыв&#39;язав коня до явора.<br />\r\nА сам пойшов по пэроді коня.</p>\r\n\r\n<p>А сам пойшов по пэроді коня.<br />\r\nНэшчаслыва нам, коню, дорога.&nbsp;</p>\r\n\r\n<p>Нэшчаслыва нам, коню, дорога.&nbsp;<br />\r\nЗасватана дівчынонька моя.</p>\r\n\r\n<p>Суды, Божэ, вэчора дождаты.&nbsp;<br />\r\nПошлю люды дівчыну свататы.&nbsp;</p>\r\n\r\n<p>Пошлю люды дівчыну свататы.&nbsp;<br />\r\nА сам пойду под окно слухаты.&nbsp;</p>\r\n\r\n<p>А сам пойду под окно слухаты.&nbsp;<br />\r\nДа што будзе дзівчына казаты.</p>\r\n\r\n<p>Дівчынонька по світёлцы ходыть.&nbsp;<br />\r\nДай білыйі ручэнькы да ломыть.&nbsp;</p>\r\n\r\n<p>Ой ты, маты, порадныца в хаті,&nbsp;<br />\r\nДай поратуй, шчо сватам сказаті.&nbsp;</p>\r\n\r\n<p>Чы мні, маты, ручнычкі в&rsquo;язаты,&nbsp;<br />\r\nЧы мні, маты, до госэні ждаты.&nbsp;</p>\r\n\r\n<p>Батько кажэ: ручнычкі в&rsquo;язаты,&nbsp;<br />\r\nМаты кажэ: до госэні ждаты.</p>\r\n',NULL,NULL,NULL,NULL,NULL,NULL,NULL,NULL,'Jak-pryjechav-kozaczenka.mp3',NULL,NULL),(20035,'Крутая дорожэнька, ой крутая крута','<p>Крутая дорожэнька, ой крутая крута,&nbsp;<br />\r\nдурна тая дівчынонька, шо любыть рэкрута,&nbsp;<br />\r\nпрыйшла карта поволання, рэкрут забырайся,&nbsp;<br />\r\nа ты, дівчыно молода, слёзамы вмывайся.&nbsp;<br />\r\nпокропітэ дорожэньку, шчоб так ны куріла&nbsp;<br />\r\nрозважайтэ дівчыноньку, шчо б так нэ журыла&nbsp;<br />\r\nпокропылы дорожэньку - всё й рівно курыла,&nbsp;<br />\r\nрозважалы дівчыноньку - всё рівно тужыла.</p>\r\n',NULL,NULL,NULL,NULL,NULL,NULL,NULL,NULL,NULL,NULL,NULL),(20036,'Ой крутая дорожэнька, крутая й она крута','<p>Ой крутая дорожэнька, крутая й она крута,&nbsp;<br />\r\nДурна дзеўка, нерозумна. шчо любіць рэкрута,&nbsp;<br />\r\nПрыйшло пісьмо-поваланья - рэкрут, собірайса,<br />\r\nА ты, моя дзевчынонька, дома й оставайса.<br />\r\nОй клічу ж я товарыша, ой клічу я, клічу.<br />\r\nОй я тобе, мой товарыш, дзеўчыноньку зычу.<br />\r\nОй я ж тобе. мой товарыш, дзеўчыноньку зычу ж&nbsp;<br />\r\nОй зыч жэ ты дзевчыноньку, ой зыч жэ мні ее,&nbsp;<br />\r\nКолі йона мне (внарові) - жэнюся на ее</p>\r\n',NULL,NULL,NULL,NULL,NULL,NULL,NULL,NULL,NULL,NULL,NULL),(20037,'А на гарэ агонь гарыць','<div>А на гарэ агонь гарыць,<br>&nbsp;А пад гарой салдат ляжыць,<br>В нагах яго конік скача,<br>&nbsp;А ў галавах воран крача.<br>Не стой, конік, прада мною,&nbsp;<br>&nbsp;Не бі зямлю пад сабою,<br>Бо ты зямлі ні даб’ёшся,<br>&nbsp;3 мора вады не нап’ёшся.&nbsp;<br>Бяжы, конік, на матчын двор,&nbsp;<br>&nbsp;Удар капытам аб явор.&nbsp;<br>Сястра выйдзя, рассядлая,&nbsp;<br>&nbsp;Маці выйдзя, распытая.<br>Не плач, маці, не журыся,&nbsp;<br>&nbsp;Твой сын ужо ажаніўся.<br>Узяў сабе турчаначку-<br>&nbsp;Ў чыстым полі зямляначку.&nbsp;<br>Вазьмі, маці, пяску жменю,<br>&nbsp;Пасып яго па каменю.<br>Калі с пяску жыта ўзыйдзя,&nbsp;<br>&nbsp;Тады твой сын з вайны прыдзя.&nbsp;<br>Німа жыта, ні пшаніцы,<br>&nbsp;Німа сына із войніцы.<br>Тваё жыта хвіля з’ела,<br>&nbsp;Твайго сына куля ўбіла.</div>',NULL,NULL,NULL,NULL,NULL,NULL,NULL,NULL,'A-na-hare-ahon-hagyc.3gpp',NULL,NULL),(20038,'Ой, у полі азярэчка','<p>Ой, у полі азярэчка,<br />\r\nТам плавала ведзярэчка,<br />\r\nСасновы клёпкi, дубовая двэрца,<br />\r\nНе цурайся, ды маё сэрца!</p>\r\n\r\n<p>Яно плавала, плавала<br />\r\nТры дзянёчкі i з вадою.<br />\r\n— Выйдзі, дзяўчына, выйдзі, кахана,<br />\r\n— Пагаворым мы з табою!</p>\r\n\r\n<p>— Ох, і рада выхадзіці,<br />\r\nІ з табою гаварыці!<br />\r\nКрай мяне маці палажыла спаці,<br />\r\nЕй баюся ды разбудзіці!</p>\r\n\r\n<p>— А я — казак маладзенькі,<br />\r\nУ мяне конік вараненькі.<br />\r\nКалі не выйдзеш, дзяўчына, з двара —<br />\r\nЯ не твой, а ты не мая!</p>\r\n\r\n<p>Казак коніка сядлае,<br />\r\nЗ канём рэчы размаўляе:<br />\r\n— Рысю, мой косю, рысю, вароны.<br />\r\nАж да ciняга Дунаю!</p>\r\n\r\n<p>Каля сiняга Дунаю<br />\r\nСтану, гляну, падумаю.<br />\r\nЦі мне ўтапіцца, ці мне канём біцца,<br />\r\nЦі дадому вараціцца?!</p>\r\n\r\n<p>Я ўтапіцца не ўтаплюся,<br />\r\nІ з конікам не заб\'юся.<br />\r\nБывай, дзяўчына, бывай, кахана,<br />\r\nБольш да цябе не вярнуся!</p>\r\n','сямейна-бытавая',NULL,NULL,NULL,NULL,NULL,NULL,NULL,NULL,NULL,NULL),(20039,'Не ходзі казаче','<p>Не ходзі казаче па-над берагамі.<br />\r\nНе сушы сердэчко чорнымі бровамі. (2х)<br />\r\nДа чэрэз тыя бровы я не оженюся.<br />\r\nНя любяць дзяўчата, пойду й утаплюся. (2х)<br />\r\nНе любяць дзяўчата, яшчэ й малодзіцы.<br />\r\nПойду й утаплюся у халоднай крыніцы. (2х)<br />\r\nНе топіся, козачэ, сваю душу згубіш.<br />\r\nСкажы шчыру праўду, кого верно любіш? (2х)<br />\r\nЛюблю я одного цябе молодую.<br />\r\nЛюблю я одную цябе молодую. (2х)</p>',NULL,NULL,NULL,NULL,NULL,NULL,NULL,NULL,NULL,NULL,NULL),(20040,'А ў полі ёлушка','<p>А ў полі ёлушка ўсё й расцёць расцёць&nbsp;&nbsp; &nbsp;<br />\r\nЎсё й кудравенькая&nbsp;&nbsp; &nbsp;<br />\r\nА па ней усё й па ней дробны дожджык ідзёць<br />\r\nА з-пад гарушкі сладка водушка цічоць<br />\r\nПрыехалі купчыкі з новаго двара&nbsp;<br />\r\nПарубілі ёлушку ў чатыры тапара<br />\r\nДы зрабілі з ёлушкі вось жа тры вясла&nbsp;&nbsp; &nbsp;<br />\r\nЧвэрта лодушка красна<br />\r\nСелі мы паехалі на ту лодку катацца<br />\r\nПасадзілі мы красну дзевіцу з сабой<br />\r\nПачаму ты дзевіца невесяла сядзіш&nbsp;<br />\r\nА як жа мне дзевіцы весёленькай быць<br />\r\nТатанька і з маманькай ніправільна жыюць<br />\r\nМладшаю дачку ўпярод замуж аддаюць<br />\r\nА младшая вот дачка а ні шыць а ні прасць<br />\r\nМладшая дачка толька ручанькі звязаць</p>\r\n',NULL,NULL,NULL,NULL,NULL,NULL,NULL,NULL,NULL,NULL,NULL),(20041,'Эй ты мая маці','<p>Эй ты мая маці што хачу сказаці<br />\r\nПасеяў я жыта нема каму жаці<br />\r\nПасеяў я жыта нема каму жаці<br />\r\nПасеяў пшаніцу будзе зімаваці<br />\r\nПасеяў пшаніцу будзе зімаваці<br />\r\nПрыдзе цёмна ночка не з кім оазмаўляці<br />\r\nДам я табе сынку рубля залатога<br />\r\nКупі сабе сынку каня варанога<br />\r\nПаставіш на стайню будзеш даглядаці<br />\r\nПрыдзе цёмна ночка будзеш размаўляці<br />\r\nА каб табе маці так лёгка канаці<br />\r\nЯк мне маладому з канём размаўляці<br />\r\nчонь вады нап&#39;ецца на салому ляжа<br />\r\nА мне маладому нічога не скажа<br />\r\nКупі сабе сынку брычкузалатую<br />\r\nВазьмі сабе сынку жонку маладую<br />\r\nА каб табе маці сто гадоў пражыці<br />\r\nА мне маладому з жонкай гаварыці</p>\r\n',NULL,NULL,NULL,NULL,NULL,NULL,NULL,NULL,NULL,NULL,NULL),(20042,'Ішлі хлопцы дарагой (затуманены)','<p>Ішлі хлопцы дарагой, затуманены глаза,<br />\r\nЕ-ей, затуманены глаза<br />\r\nЗатуманены глаза, аглянуцца ім нельзя.<br />\r\nАглянуліса назад &mdash; тры красотачкі стаяць.<br />\r\n&mdash; Нам, красоткі, не да вас, у салдаты беруць нас,<br />\r\nУ салдаты беруць нас, да й на дваццаць п&rsquo;яць гадоў.<br />\r\n&nbsp;Адслужыў жа 25, а на шостыя пяць дамой.<br />\r\nПадыходжу да сяла &mdash; там&nbsp;&nbsp; &nbsp;высыпана гара.&nbsp;&nbsp; &nbsp;<br />\r\nПадыходжу да варот да й&nbsp;&nbsp; &nbsp;спрашваю: &ldquo;(Да) дзе ж мой род?&rdquo;<br />\r\n&mdash; Твайго роду тут няма, ацец-маці памерла,<br />\r\nДа й астаўся адзін брат, да й той холаст, не жанат.<br />\r\n&mdash; Чаго, брацік, не жанат, ці ты дзенег не маёш?<br />\r\nЦі ты дзенег не маёш, ці ты дзевак не ўзнаёш?<br />\r\n&mdash; А я дзенюжкі маю і (а) я дзевушкі ўзнаю,<br />\r\nА я дзевушкі ўзнаю, но жаніцца не буду.</p>\r\n','салдацкая',NULL,NULL,NULL,NULL,NULL,NULL,NULL,NULL,NULL,NULL),(20043,'Зашумелі лозы','<p>Зашумелі лозы, белыя<br />\r\nберозы, лес-дубравушка<br />\r\nЗабалело цело, салдацкее ж<br />\r\nбело, шчэ й галовушка<br />\r\nНіхто к таму целу салдацкаму<br />\r\nбелу не прыступае<br />\r\nТолькі прыступае, толькі<br />\r\nдаезджае, з полка брат-таварыш мой<br />\r\nТаварыш-таварыш, друг мой<br />\r\n&nbsp;возлюбезный, адчаго ты забалеў<br />\r\nЦі д буйнага вітру, ці д яснага<br />\r\nсонца, ці д неволюшкі<br />\r\nТаварыш-таварыш, друг мой<br />\r\nвозлюбезный, распрадай валы,<br />\r\nРаспрадай жа волы, распрадай<br />\r\nжа сіву, грошы падзялі<br />\r\nПалавіну жонцы, палавіну мне, да<br />\r\nй пахаваеш мяне<br />\r\nУ вішнёвым садочку на жоўтом<br />\r\n&nbsp;пясочку весело ляжаць,<br />\r\nТававарыш-таварыш, друг мой<br />\r\n&nbsp;возлюбезной, напішаш лісток<br />\r\n&nbsp;Напішаш лісточок, напішаш<br />\r\n&nbsp;другой, да й прыб&#39;еш к храсту<br />\r\nХто тудой іціме, хто тудой<br />\r\n&nbsp;ехацьме - той будзе чытаць,<br />\r\n&nbsp;I той будзе знаці, той будзе<br />\r\nведаці, адчаго я пам&rsquo;ёр<br />\r\nНі д буйнага вітру, ні д яснага<br />\r\nсонца - ад неволюшкі</p>\r\n',NULL,NULL,NULL,NULL,NULL,NULL,NULL,NULL,NULL,NULL,NULL),(20044,'Як пайду я ў зялёны садочак','',NULL,NULL,NULL,NULL,NULL,NULL,NULL,NULL,NULL,NULL,NULL),(20045,'Ішлі хлопцы дарагой (запыліліся)','<p>Ішлі хлопцы дарогаю,<br />\r\nДа й запыліліся глаза (2х)</p>\r\n\r\n<p>Запыліліся глаза,<br />\r\nСмотруць глянуць взад нільзя.</p>\r\n\r\n<p>Аглянуліся ж назад:<br />\r\nДзве красавіцы стаят.</p>\r\n\r\n<p>Ой вы дзеўкі, красавіцы,<br />\r\nДа не ўлюбляцеся вы ў нас.</p>\r\n\r\n<p>Не ўлюбляйцеся ж вы ў нас<br />\r\nБо ціперь нам не да вас.</p>\r\n\r\n<p>Бо ціпер нам не да вас -<br />\r\nБяруць у сулдаты нас.</p>\r\n\r\n<p>Бяруць у салдаты ж нас<br />\r\nСёй на дваццаць пяць гадоў.</p>\r\n','салдацкая',NULL,NULL,NULL,NULL,NULL,NULL,NULL,NULL,NULL,NULL),(20046,'Ой, у полі пыль-пыліца','<p>Ой, у полі пыль-пыліца, там салдацікі ідуць,<br />\r\nДа гэй, гэй, гэй, у-ха-ха, да там салдацікі ідуць.</p>\r\n\r\n<p>Воны едуць-маршыруюць, самі сабе гаворяць,<br />\r\nДа гэй, гэй, гэй, у-ха-ха, да самі сабе гаворяць.</p>\r\n\r\n<p>Самі сабе гаворяць да залатую гору ўзяць,<br />\r\nДа гэй, гэй, гэй, у-ха-ха, да залатую гору ўзяць.</p>\r\n\r\n<p>Асталася нам гара да шчэ й дзяўчына молода.<br />\r\nДа гэй, гэй, гэй, у-ха-ха, да шчэ й дзяўчына молода.</p>',NULL,NULL,NULL,NULL,NULL,NULL,NULL,NULL,NULL,NULL,NULL),(20047,'Чужы дзевкі, как йегодкі','<div>Чужы дзевкі, как йегодкі<br>Как ружовы квят.<br>А мне моя шэбеліна<br>Завьязала сьвят.<br><br>Як вазьму я шэбеліну<br>За гостры бокі<br>Ды ўкіну шэбеліну<br>У Дунай да глубокі*<br><br>Ды ўкіну шабеліну<br>У Дунай да глубокі*<br>-Плу(о)ві, плу(о)ві, шэбеліна,<br>На тые бокі.<br><br>Плуві, плуві, шэбеліна,<br>На тые бокі.<br>А я пайду на ўкраіну<br>Жонкі шукаці.<br><br>Усю краіну я об\'ехаў,<br>Жонкі ні знайшоў.<br>І з пав(а)ротам я абратно<br>К шэбеліне прышоў.</div>',NULL,NULL,NULL,NULL,NULL,NULL,NULL,NULL,NULL,NULL,NULL),(20048,'Ох, пойду я да цёмным лесом','<div>Ох, пойду я да цёмным лесом,<br>Дай наломлю клёну,<br>Зав’ёв мене дурной розум&nbsp; на чу-,<br>На чужу сторон(у).<br><br>На чужой жэ да сторононьцы<br>Ні бацька ні маці,<br>Только в саду вішнёвому поюць,<br>Поюць солов’і.<br><br>Пойце, пойце, да соловейкі жы,<br>Разнымі голосамі,<br>А я ж пойду в сад зелёной, й обо-,<br>Й обольюсь слёза(мі).</div>',NULL,NULL,NULL,NULL,NULL,NULL,NULL,NULL,NULL,'Лельчыцкі','Тонеж');
/*!40000 ALTER TABLE `song` ENABLE KEYS */;
UNLOCK TABLES;

--
-- Table structure for table `source`
--

DROP TABLE IF EXISTS `source`;
/*!40101 SET @saved_cs_client     = @@character_set_client */;
/*!50503 SET character_set_client = utf8mb4 */;
CREATE TABLE `source` (
  `id` int NOT NULL AUTO_INCREMENT,
  `name` varchar(100) CHARACTER SET utf8mb4 COLLATE utf8mb4_unicode_ci NOT NULL,
  `slug` varchar(110) CHARACTER SET utf8mb4 COLLATE utf8mb4_unicode_ci NOT NULL,
  `name_short` varchar(40) CHARACTER SET utf8mb4 COLLATE utf8mb4_unicode_ci NOT NULL,
  `url` varchar(255) CHARACTER SET utf8mb4 COLLATE utf8mb4_unicode_ci DEFAULT NULL,
  `description` varchar(255) CHARACTER SET utf8mb4 COLLATE utf8mb4_unicode_ci DEFAULT NULL,
  `wherefrom` varchar(255) COLLATE utf8mb4_unicode_ci DEFAULT NULL,
  `title` varchar(100) COLLATE utf8mb4_unicode_ci NOT NULL,
  PRIMARY KEY (`id`),
  UNIQUE KEY `UNIQ_5F8A7F735E237E06` (`name`),
  UNIQUE KEY `UNIQ_5F8A7F73989D9B62` (`slug`)
) ENGINE=InnoDB AUTO_INCREMENT=18 DEFAULT CHARSET=utf8mb4 COLLATE=utf8mb4_unicode_ci;
/*!40101 SET character_set_client = @saved_cs_client */;

--
-- Dumping data for table `source`
--

LOCK TABLES `source` WRITE;
/*!40000 ALTER TABLE `source` DISABLE KEYS */;
INSERT INTO `source` VALUES (1,'Козенка','kozienka','Козенка',NULL,NULL,'ад Козенкі',''),(2,'Выскварка','vyskvarka','Выскварка',NULL,NULL,'ад Выскваркі',''),(3,'Лось','los','Лось',NULL,NULL,'ад А. Лось',''),(4,'-невядомы-','nieviadomy','-невядомы-',NULL,NULL,'невядома',''),(5,'Літвінава','litvinava','Літвінава',NULL,NULL,'ад Літвінавай',''),(6,'-бабулі/дзядулі-','miascovyja','-носьбіты-',NULL,NULL,'ад мясцовых',''),(7,'Зінаіда Васільеўна Губарава-Крупская','krupskaj','Зінаіда',NULL,NULL,'ад Зінаіды',''),(8,'Этнаграфія Беларусі','book-1','-кніга-',NULL,'Мінск. 1989. Рэдактар: Шамякін I. П. Выдавецтва: БелСЭ.','-',''),(9,'Шэйн Павел Васілевіч','szejn','Шэйн','https://be.wikipedia.org/wiki/%D0%9F%D0%B0%D0%B2%D0%B5%D0%BB_%D0%92%D0%B0%D1%81%D1%96%D0%BB%D0%B5%D0%B2%D1%96%D1%87_%D0%A8%D1%8D%D0%B9%D0%BD','Матэрыялы для вывучэння побыту і мовы рускага насельніцтва Паўночна-Заходняга краю. Спб., 1887.','-',''),(10,'Віктар Шыпкоў','szypkou','Шыпкоў',NULL,NULL,'ад Шыпкова',''),(11,'гурт Варган (з Полацку)','vargan','Варган',NULL,NULL,'ад Варгану',''),(12,'т. 1 Традыцыйная мастацкая культура беларусаў','tmkb-1','ТМКБ, т. 1',NULL,'Традыцыйная мастацкая культура беларусаў\r\nМагілёўскае Падняпроўе\r\nТом: Том 1\r\nМесца выхаду: Мінск\r\nДата выхаду: 2001\r\nРэдактар: Т. Б. Варфаламеева, В. I. Басько, М. А. Козенка i інш.','у ТМКБ',''),(13,'т. 2 Традыцыйная мастацкая культура беларусаў','tmkb-2','ТМКБ, т. 2',NULL,NULL,'у ТМКБ',''),(14,'т. 3 Традыцыйная мастацкая культура беларусаў','tmkb-3','ТМКБ, т. 3',NULL,NULL,'у ТМКБ',''),(15,'т. 4 Традыцыйная мастацкая культура беларусаў','tmkb-4','ТМКБ, т. 4',NULL,NULL,'у ТМКБ',''),(16,'т. 5 Традыцыйная мастацкая культура беларусаў','tmkb-5','ТМКБ, т. 5',NULL,NULL,'у ТМКБ',''),(17,'т. 6 Традыцыйная мастацкая культура беларусаў','tmkb-6','ТМКБ, т. 6',NULL,NULL,'у ТМКБ','');
/*!40000 ALTER TABLE `source` ENABLE KEYS */;
UNLOCK TABLES;

--
-- Table structure for table `type`
--

DROP TABLE IF EXISTS `type`;
/*!40101 SET @saved_cs_client     = @@character_set_client */;
/*!50503 SET character_set_client = utf8mb4 */;
CREATE TABLE `type` (
  `id` int NOT NULL AUTO_INCREMENT,
  `name` varchar(100) CHARACTER SET utf8mb4 COLLATE utf8mb4_unicode_ci NOT NULL,
  `is_group` tinyint(1) NOT NULL,
  `is_man` tinyint(1) NOT NULL,
  `is_woman` tinyint(1) NOT NULL,
  `slug` varchar(110) CHARACTER SET utf8mb4 COLLATE utf8mb4_unicode_ci NOT NULL,
  `name_plural` varchar(30) COLLATE utf8mb4_unicode_ci NOT NULL,
  PRIMARY KEY (`id`),
  UNIQUE KEY `UNIQ_8CDE5729989D9B62` (`slug`)
) ENGINE=InnoDB AUTO_INCREMENT=24 DEFAULT CHARSET=utf8mb4 COLLATE=utf8mb4_unicode_ci;
/*!40101 SET character_set_client = @saved_cs_client */;

--
-- Dumping data for table `type`
--

LOCK TABLES `type` WRITE;
/*!40000 ALTER TABLE `type` DISABLE KEYS */;
INSERT INTO `type` VALUES (1,'сольны',0,0,0,'solo','сольныя'),(2,'парны',0,0,0,'pair','парныя'),(3,'парна-гуртавы',1,0,0,'pair-wholesale','парна-гуртавыя'),(4,'у тройках',0,0,0,'in-threes','у тройках'),(5,'у тройках гуртавы',1,0,0,'in-threes-wholesale','у тройках гуртавыя'),(6,'на 2 пары',0,0,0,'for-2-pairs','на 2 пары'),(7,'на 4 пары',0,0,0,'for-4-pairs','на 4 пары'),(8,'гуртавы',1,0,0,'wholesale','гуртавыя'),(9,'у пяцёрках',0,0,0,'in-five','у пяцёрках'),(10,'на 3 пары',0,0,0,'for-3-pairs','на 3 пары'),(11,'на 6 параў',0,0,0,'for-6-pairs','на 6 параў'),(12,'сольны жаночы',0,0,1,'solo-female','сольныя жаночыя'),(13,'гуртавы жаночы',1,0,1,'wholesale-female','гуртавыя жаночыя'),(14,'у тройках жаночы',0,0,1,'in-threes-famale','у тройках жаночыя'),(15,'на 4 тройкі',0,0,0,'by-4-threes','на 4 тройкі'),(16,'у дваіх (любога полу)',0,0,0,'for-two','у дваіх (любога полу)'),(17,'ад 3 да 6',0,0,0,'from-3-to-6','ад 3 да 6'),(18,'сольны мужчынскі',0,1,0,'solo-male','сольныя мужчынскія'),(19,'у дваіх жаночы',0,0,1,'in-2-female','у дваіх жаночыя'),(20,'у тройках жаночы',0,0,1,'in-3-female','у тройках жаночыя'),(21,'на 2 тройкі',0,0,0,'by-2-threes','на 2 тройкі'),(22,'на 5 пар',0,0,0,'for-5-pairs','на 5 пар'),(23,'у чацьвёрках',0,0,0,'in-fours','у чацьвёрках');
/*!40000 ALTER TABLE `type` ENABLE KEYS */;
UNLOCK TABLES;

--
-- Table structure for table `version`
--

DROP TABLE IF EXISTS `version`;
/*!40101 SET @saved_cs_client     = @@character_set_client */;
/*!50503 SET character_set_client = utf8mb4 */;
CREATE TABLE `version` (
  `id` int NOT NULL AUTO_INCREMENT,
  `dance_id` int NOT NULL,
  `name` varchar(100) COLLATE utf8mb4_unicode_ci DEFAULT NULL,
  `views` int NOT NULL DEFAULT '0',
  `place_id` int DEFAULT NULL,
  `type_id` int DEFAULT NULL,
  `source_id` int DEFAULT NULL,
  `department_id` int DEFAULT NULL,
  `region_id` int DEFAULT NULL,
  `is_rec` tinyint(1) NOT NULL,
  `is_imp` tinyint(1) NOT NULL,
  `source2_id` int DEFAULT NULL,
  `is_correct_place` tinyint(1) NOT NULL,
  `has_local_video` tinyint(1) NOT NULL,
  `comments` varchar(2000) COLLATE utf8mb4_unicode_ci DEFAULT NULL,
  `abrady` varchar(255) COLLATE utf8mb4_unicode_ci DEFAULT NULL,
  `is_game` tinyint(1) NOT NULL,
  `drob` varchar(1) COLLATE utf8mb4_unicode_ci DEFAULT NULL,
  PRIMARY KEY (`id`),
  KEY `IDX_BF1CD3C3DA6A219` (`place_id`),
  KEY `IDX_BF1CD3C3C54C8C93` (`type_id`),
  KEY `IDX_BF1CD3C3953C1C61` (`source_id`),
  KEY `IDX_BF1CD3C365D64EDD` (`dance_id`),
  KEY `IDX_BF1CD3C3AE80F5DF` (`department_id`),
  KEY `IDX_BF1CD3C398260155` (`region_id`),
  KEY `IDX_BF1CD3C3FEF9EFAF` (`source2_id`),
  CONSTRAINT `FK_BF1CD3C365D64EDD` FOREIGN KEY (`dance_id`) REFERENCES `dance` (`id`),
  CONSTRAINT `FK_BF1CD3C3953C1C61` FOREIGN KEY (`source_id`) REFERENCES `source` (`id`),
  CONSTRAINT `FK_BF1CD3C398260155` FOREIGN KEY (`region_id`) REFERENCES `region` (`id`),
  CONSTRAINT `FK_BF1CD3C3AE80F5DF` FOREIGN KEY (`department_id`) REFERENCES `department` (`id`),
  CONSTRAINT `FK_BF1CD3C3C54C8C93` FOREIGN KEY (`type_id`) REFERENCES `type` (`id`),
  CONSTRAINT `FK_BF1CD3C3DA6A219` FOREIGN KEY (`place_id`) REFERENCES `place` (`id`),
  CONSTRAINT `FK_BF1CD3C3FEF9EFAF` FOREIGN KEY (`source2_id`) REFERENCES `source` (`id`)
) ENGINE=InnoDB AUTO_INCREMENT=441 DEFAULT CHARSET=utf8mb4 COLLATE=utf8mb4_unicode_ci;
/*!40101 SET character_set_client = @saved_cs_client */;

--
-- Dumping data for table `version`
--

LOCK TABLES `version` WRITE;
/*!40000 ALTER TABLE `version` DISABLE KEYS */;
INSERT INTO `version` VALUES (1,107,'',1,1,2,1,2,16,0,0,NULL,0,1,'','',0,''),(2,65,'',0,2,2,1,1,10,1,0,NULL,1,1,'','',0,''),(4,51,'',0,3,6,1,2,15,1,0,NULL,1,0,'','',0,''),(5,102,'',1,NULL,2,4,NULL,NULL,0,0,NULL,0,0,'','',0,''),(6,3,'',0,4,6,1,3,20,0,0,14,1,1,'','',0,''),(7,13,'',0,5,2,1,4,12,0,0,13,1,1,'','',0,''),(8,21,'',0,NULL,NULL,4,NULL,NULL,0,0,NULL,0,1,'','',0,''),(9,7,'',15,17,2,1,2,23,0,0,NULL,1,1,'','',0,'1'),(10,21,'Вальс \"Златыя горы\"',2,7,2,1,1,10,0,0,NULL,1,1,'','',0,''),(11,24,'',0,22,2,1,1,10,0,0,NULL,1,1,'','',0,''),(12,26,'',0,NULL,NULL,1,NULL,NULL,0,0,NULL,0,1,'','',0,'1'),(13,31,'',0,9,2,1,2,15,0,0,NULL,1,1,'','',0,'2'),(14,46,'',0,NULL,3,3,NULL,NULL,0,0,NULL,0,1,'','',0,''),(15,58,'',0,NULL,2,2,NULL,NULL,0,0,NULL,0,1,'','',0,''),(16,66,'',0,10,6,1,1,10,0,0,NULL,1,1,'в Ярцаўка ды в Старая Мётча','',0,''),(17,77,'',1,NULL,8,3,NULL,NULL,0,0,NULL,0,1,'','',0,''),(18,81,'',0,3,8,1,2,15,1,0,NULL,1,1,'','',0,''),(20,87,'Лявоніха вясельная',1,21,2,1,1,10,0,0,NULL,1,1,'','',0,''),(21,96,NULL,0,NULL,6,3,NULL,NULL,0,1,NULL,0,1,NULL,NULL,0,NULL),(22,97,'',0,102,2,1,1,10,0,0,NULL,1,1,'','',0,''),(23,92,'',0,17,2,1,2,23,0,0,NULL,1,1,'','',0,''),(24,93,'',0,98,2,1,1,21,0,0,NULL,1,1,'Уп, наз, уп, наз, пад рукой (2р); на пятку, другую і мяняемся','',0,'2'),(25,94,'',0,NULL,3,2,NULL,NULL,0,0,NULL,0,1,'','',0,''),(26,105,'',0,99,2,1,3,18,1,0,NULL,1,1,'','',0,''),(27,111,'',0,3,2,1,2,15,0,0,NULL,1,1,'','',0,''),(28,196,'Полька \"Бабачка\"',1,17,2,1,2,23,0,0,NULL,1,1,'https://youtu.be/CsGkonqwV4Q?t=36m ойра кіеўская - наша полька-бабачка, толькі ў іх музыка іншая (Божічы)','',0,''),(29,196,'Полька-труска',1,6,2,1,2,15,1,0,NULL,1,1,'','',0,''),(30,134,'',0,24,2,1,2,17,0,0,NULL,1,1,'','',0,''),(31,135,'',0,NULL,2,3,NULL,NULL,0,0,NULL,0,1,'','',0,''),(32,143,'',0,NULL,2,2,NULL,NULL,0,0,NULL,0,1,'','',0,''),(33,350,'Страданні',0,NULL,2,2,NULL,NULL,0,0,NULL,0,1,'','',0,''),(34,149,'',0,NULL,2,2,NULL,NULL,0,0,NULL,0,1,'','',0,''),(35,156,'',0,4,5,3,3,20,0,0,NULL,0,1,'','',0,''),(36,170,'',0,NULL,3,2,NULL,NULL,0,0,NULL,0,1,'','',0,''),(37,173,'',0,NULL,1,4,NULL,NULL,0,1,NULL,0,1,'','',0,''),(38,182,'',0,18,7,6,5,22,0,0,NULL,1,1,'','',0,''),(39,183,'',0,NULL,3,3,NULL,NULL,0,0,NULL,0,1,'','',0,''),(40,56,'',0,NULL,3,2,NULL,NULL,0,0,NULL,0,1,'','',0,''),(41,30,'',0,NULL,4,2,NULL,NULL,0,0,NULL,0,1,'','',0,''),(42,65,'',0,83,2,2,1,25,0,0,NULL,1,1,'дыск Пятровіца 2011-15','',0,''),(43,68,'',0,NULL,6,2,NULL,NULL,0,0,NULL,0,1,'','',0,''),(44,107,'',0,10,6,1,1,10,0,0,NULL,1,1,'в Ярцаўка ды в Старая Мётча','',0,''),(45,110,'',0,28,2,1,2,15,0,0,NULL,1,1,'2015 г (апошнім заняткам). Нагой убок, перакруты, полька','',0,''),(46,115,'',0,13,2,6,NULL,NULL,0,0,NULL,0,1,'','',0,''),(47,143,'',0,NULL,2,4,NULL,NULL,0,0,NULL,0,1,'','',0,''),(48,149,'',0,19,2,1,2,15,0,0,NULL,1,1,'','',0,''),(49,87,'',0,NULL,4,2,NULL,NULL,0,0,NULL,0,1,'','',0,''),(50,87,'Лявоніха вясельная',0,NULL,3,3,NULL,NULL,0,0,NULL,0,1,'','',0,''),(51,109,'',0,NULL,2,2,NULL,NULL,0,0,NULL,0,1,'','',0,''),(52,21,'Вальс \"жыдоўскі\"',3,20,3,1,2,23,0,0,17,1,0,'+в Гацкое, Гацкоўскі вальс','',0,''),(53,56,'',0,6,2,1,2,15,1,0,NULL,1,0,'','',0,''),(54,30,'',1,22,4,1,1,10,0,0,16,1,0,'','',0,''),(55,59,'',1,24,2,1,2,17,0,0,NULL,1,0,'','',0,''),(57,67,'',1,23,8,1,2,23,0,0,17,1,0,'+в Шылавічы','',0,''),(59,102,'',0,97,3,1,6,13,1,0,NULL,1,0,'(+ в. Катка, + в. Касарычы)','',0,''),(60,107,'',1,7,4,1,1,10,0,0,NULL,1,0,'','',0,''),(61,109,'',0,27,2,1,1,19,0,0,NULL,1,0,'','',0,''),(62,110,'',0,28,6,1,2,15,0,0,NULL,1,0,'','',0,''),(63,115,'',1,22,2,1,1,10,0,0,NULL,1,0,'','',0,''),(64,196,'Полька з камандамі',0,21,3,1,1,10,0,0,16,1,0,'','',0,''),(65,31,'',0,29,3,1,5,22,0,0,15,1,0,'','',0,''),(67,87,'Лявоніха вясельная',0,96,12,1,6,11,0,0,NULL,1,0,'','',0,''),(68,109,'',0,28,2,1,2,14,0,0,NULL,1,1,'','',0,''),(69,87,'',0,30,2,1,1,24,0,0,NULL,1,0,'','',0,''),(70,9,'Барыня кальцом',13,17,13,1,2,23,0,0,17,1,0,'','',0,''),(71,194,'Кадрыля Конкавіцкая',0,212,7,1,2,16,0,0,17,1,0,'','',0,''),(72,73,'',0,NULL,2,5,NULL,NULL,0,0,NULL,0,0,' танцуюць ва Україне, Івана-Франківська вобл. Толькі там гэты танец пад падобную мелодыю называюць Гуцулка, абавязкова круцяцца у парах','',0,''),(73,95,'',0,31,2,2,1,25,0,0,NULL,1,1,'дыск Пятровіца 2011-15','',0,''),(74,110,'',0,NULL,2,6,NULL,NULL,0,0,NULL,0,0,'2015/04/15_Івянец_Ойра_танцуюць: Марыя Антонаўна Задрэйка (дзяв. Бібік) з в.Вуглы, 1946 г.н. і Калачык Марыя Браніславаўна (дзяв. Карыцкая), 1945 г.н. з в.Канаплічы, таксама Сяргей Макарэвічі і Алеся Духноўская (Менск, клуб традыцыйнага танца \'СІТА\'), граюць: Іван Іванавіч Ракавец (баян), Аляксей Крукоўскі (акардыён), Валерый Паўлавіч Лапыцька (акардыён)','',0,''),(75,190,'',0,32,2,7,1,26,0,0,NULL,1,0,'20.02.2016_мой падарунак на дзень народзінаў ад Зінаіды Васільеўны Губаравай-Крупскай). Граюць вялейскія музыкі, цудоўны цымбаліст Іван Віктаравіч Валынец і ншыя Кася Радзівілава, Аляксей Крукоўскі. Пераняты ад жыдоў танец, кшталту факстрота - танец \"Гірша-Мойша\" альбо \"Жыдок\" з м. Ільля Вялейскага р-на','',0,''),(76,65,'',0,33,2,6,1,27,0,0,NULL,1,0,'Экспедыцыя Клуба традыцыйнага танца \"СІТА\" (Менск): 2016.02.07_в.Шасьціснопы Чэрвеньскага р-ну Мінскай вобл. Танцы: Лысы, Месяц. Паказвае Соф\'я Лявонаўна Лухверчык (дзяв. Шыліна), 1932 г.н. Граюць: Аляксей Крукоўскі (акардыён), Кася Радзівілава (скрыпка), Раман Яраш (кларнэт).','',0,''),(77,95,'',0,33,2,6,1,27,0,0,NULL,1,0,'Экспедыцыя Клуба традыцыйнага танца \"СІТА\" (Менск): 2016.02.07_в.Шасьціснопы Чэрвеньскага р-ну Мінскай вобл. Танцы: Лысы, Месяц. Паказвае Соф\'я Лявонаўна Лухверчык (дзяв. Шыліна), 1932 г.н. Граюць: Аляксей Крукоўскі (акардыён), Кася Радзівілава (скрыпка), Раман Яраш (кларнэт).','',0,''),(78,30,'',0,33,9,6,1,27,0,0,NULL,1,0,'2016.02.07_Вандроўкі клуба СІТА: в. Шасьціснопы Чэрвеньскага р-ну. Танец: Гапак у пяцёрках. Развучаны ад Лухверчыка Міхася Сяргеевіча, 1932 г.н. Прывёз ён гэты варыянт аднекуль з войску ў пач. 1950-х. На вёсцы гуляюць таксама Гапака ў тройках)','',0,''),(79,191,'',0,34,2,6,5,28,0,0,NULL,1,0,'','',0,''),(80,196,'Полька \"Бабачка\"',5,35,4,6,5,29,0,0,NULL,1,1,'','',0,''),(81,102,'',1,NULL,3,9,NULL,NULL,0,0,NULL,0,0,'Збіраюцца ў пары, бяруць у рукі махрачкі, г.зн. ручнікі або паясы, становяцца ў рад. Пачынаецца музыка і напеў, і ў адно імгненне ўзнімаецца сапраўдная мяцеліца. Усе пары кідаюцца раптам, першая, якая праскочыла пад ручніком, прапускае другую пару, трэцюю, чацвёртую і г. д., другая, якая праскочыла пад ручніком, прапускае трэцюю пару, трэцяя пара — чацвёртую і г. д. Усё гэта робіцца з неймавернай хуткасцю і ўсімі парамі разам. Трэба здзіўляцца, як зладжана, хутка і нават зграбна адбываецца гэта мітусня…','',0,''),(82,102,'',0,NULL,14,8,5,NULL,0,0,NULL,0,0,'Варыянт, які бытаваў на Брэстчыне, складаецца з таго, што тры (але не дзве і не чатыры) дзяўчыны, узяўшыся за рукі, то хутка круцяцца кругам, як быццам вальсуюць, то вырабляюць паўкругі павольна, нібыта адварочваючыся адна ад другой, то, нарэшце, імчацца ўдоўж і ўпоперак пляцоўкі','',0,''),(83,21,'Вальс \"Аляксандр ІІІ\"',1,36,2,1,1,30,0,0,NULL,1,0,'','',0,''),(84,71,'Кракавяк з пераходамі',0,37,3,1,3,31,0,0,14,1,1,'','',0,'3'),(85,177,'',0,38,10,1,3,18,0,0,14,1,1,'','',0,''),(86,110,'',0,100,2,1,4,32,0,0,NULL,1,1,'У бок прыстаўнымі, потым полькай з падгопам','',0,''),(87,68,'',0,39,6,6,3,33,0,0,NULL,0,1,'','',0,''),(88,194,'Кадрыля Глінішчанская',0,NULL,7,6,2,34,0,0,NULL,0,1,'','',0,''),(89,194,'',0,NULL,6,6,2,15,0,0,NULL,0,1,'','',0,''),(90,71,'',0,40,4,6,3,35,0,0,NULL,1,1,'','',0,'3'),(91,66,'',0,40,2,6,3,35,0,0,NULL,1,1,'','',0,'3'),(92,195,'',0,40,2,6,3,35,0,0,NULL,1,1,'','',0,''),(93,196,'',0,40,2,6,3,35,0,0,NULL,1,1,'','',0,'3'),(94,194,'',0,40,7,6,3,35,0,0,NULL,1,1,'','',0,'3'),(95,191,'',0,NULL,2,6,NULL,NULL,0,0,NULL,0,1,'','',0,''),(96,191,'',0,NULL,2,1,NULL,NULL,0,0,NULL,0,0,'июн. 2012 г. на філфаку БДУ, з Шпілеўскай паказваў','',0,''),(98,198,'',0,NULL,2,7,NULL,NULL,0,0,NULL,0,0,'','',0,''),(99,143,'',0,NULL,12,7,NULL,NULL,0,0,NULL,0,0,'','',0,''),(100,143,'',0,NULL,2,7,NULL,NULL,0,0,NULL,0,0,'','',0,''),(101,199,'',0,NULL,3,7,NULL,NULL,0,0,NULL,0,0,'','',0,''),(102,200,'',0,43,2,7,1,36,0,0,NULL,1,0,'','',0,''),(103,196,'Полька Цімоха',0,NULL,2,7,NULL,NULL,0,0,NULL,0,0,'','',0,''),(104,196,'Полька шалёная',0,NULL,2,7,NULL,NULL,0,0,NULL,0,0,'','',0,''),(105,173,'',0,44,2,7,1,26,0,0,NULL,1,0,'','',0,''),(106,3,'',0,41,2,7,1,26,0,0,NULL,1,1,'','',0,''),(107,203,'',0,42,2,7,1,26,0,0,NULL,1,1,'','',0,''),(108,204,'',0,NULL,2,7,NULL,NULL,0,0,NULL,0,1,'','',0,''),(109,21,'Вальс \"Волечка\"',0,NULL,2,7,NULL,NULL,0,0,NULL,0,1,'','',0,''),(110,196,'Полька \"Пчолка\"',0,41,2,7,1,26,0,0,NULL,1,1,'','',0,''),(111,207,'',0,41,2,7,1,26,0,0,NULL,1,1,'','',0,''),(112,208,'',0,41,2,7,1,26,0,0,NULL,1,1,'','',0,''),(113,204,'',0,45,2,6,3,31,0,0,NULL,1,1,'','',0,''),(114,210,'',0,46,2,6,1,36,0,0,NULL,1,1,'','',0,''),(115,194,'',1,24,6,6,2,17,0,0,NULL,1,1,'','',0,''),(116,87,'',0,NULL,1,6,NULL,NULL,0,0,NULL,0,1,'','',0,''),(117,87,'',0,22,2,1,1,10,0,0,16,1,1,'Наперад, насупраць, у розныя бакі, кручэньне злуч. у лакцях','',0,''),(118,87,'',0,48,2,1,6,37,0,0,NULL,1,0,'З праграмы іспыта па беларускім народным танцы студэнтаў І курса кафедры этналогіі і фалклору, кляс М.А.Козенкі','',0,''),(119,87,'',0,49,4,1,2,15,0,0,NULL,1,0,'З праграмы іспыта па беларускім народным танцы студэнтаў І курса кафедры этналогіі і фалклору, кляс М.А.Козенкі','',0,''),(120,87,'',0,50,3,1,3,35,0,0,NULL,1,0,'З праграмы іспыта па беларускім народным танцы студэнтаў І курса кафедры этналогіі і фалклору, кляс М.А.Козенкі','',0,''),(121,30,'',0,51,2,1,2,39,0,0,NULL,1,0,'З праграмы іспыта па беларускім народным танцы студэнтаў І курса кафедры этналогіі і фалклору, кляс М.А.Козенкі','',0,''),(122,204,'',0,4,2,1,3,20,0,0,14,1,0,'З праграмы іспыта па беларускім народным танцы студэнтаў І курса кафедры этналогіі і фалклору, кляс М.А.Козенкі','',0,''),(123,211,'',0,52,NULL,1,5,38,0,0,NULL,1,0,'З праграмы іспыта па беларускім народным танцы студэнтаў І курса кафедры этналогіі і фалклору, кляс М.А.Козенкі','',0,''),(125,173,'',0,53,1,NULL,2,14,0,1,NULL,1,0,'','',0,''),(126,194,'Кадрыля Ходцаўская',0,194,7,6,4,40,0,0,NULL,1,0,'','',0,''),(127,171,'',0,41,NULL,7,1,26,0,0,NULL,1,0,'','',0,''),(128,349,'Войра з прагонамі',0,57,6,7,1,26,0,0,NULL,1,0,'','',0,''),(129,155,'',0,54,NULL,7,1,26,0,0,NULL,1,0,'','',0,''),(130,155,'',0,55,NULL,7,1,26,0,0,NULL,1,0,'','',0,''),(131,155,'',0,42,NULL,7,1,26,0,0,NULL,1,0,'','',0,''),(132,216,'',0,58,NULL,7,1,26,0,0,NULL,1,0,'','',0,''),(133,196,'Полька на каляна',0,59,NULL,7,1,26,0,0,NULL,1,0,'','',0,''),(134,196,'Полька Люся',0,58,NULL,7,1,26,0,0,NULL,1,0,'','',0,''),(135,196,'Полька Таварыш',0,NULL,NULL,7,NULL,NULL,0,0,NULL,0,0,'','',0,''),(136,59,'',0,57,2,7,1,26,0,0,NULL,1,0,'','',0,''),(137,220,'',0,41,4,7,1,26,0,0,NULL,1,0,'','',0,''),(138,24,'',0,46,2,1,1,36,0,0,NULL,1,1,'','',0,'2'),(141,222,'',0,21,2,1,1,10,0,0,NULL,1,0,'','',0,''),(143,224,'',0,61,2,1,3,31,1,0,NULL,1,0,'','',0,''),(144,87,'',0,68,2,1,3,31,0,1,14,1,0,'','',0,''),(145,191,'',0,62,2,1,3,41,0,0,14,1,1,'з прыседаньнем на калена хлопцам','',0,''),(146,96,'',0,68,16,1,3,31,0,0,14,1,0,'трэба палка 2-2,5 м','',0,''),(147,71,'Кракавяк тройкамі',0,63,4,1,3,35,0,0,14,1,0,'','',0,''),(149,68,'',0,64,3,1,3,31,0,0,14,1,0,'','',0,''),(151,226,'',0,65,18,1,3,41,0,1,14,1,0,'','',0,''),(152,43,'',0,66,1,1,3,42,0,1,NULL,1,0,'','',0,''),(153,90,'',2,67,1,1,3,43,0,0,14,1,0,'','',1,''),(154,87,'',0,69,3,12,6,44,0,0,NULL,1,0,'','',0,''),(155,349,'Войра \"простая\"',0,NULL,NULL,7,NULL,NULL,0,0,NULL,0,0,'','',0,''),(156,229,'',0,NULL,NULL,7,NULL,NULL,0,0,NULL,0,0,'','',0,''),(157,195,'Джанджоха факстрот',0,NULL,NULL,7,NULL,NULL,0,0,NULL,0,0,'','',0,''),(158,230,'',0,NULL,NULL,7,NULL,NULL,0,0,NULL,0,0,'','',0,''),(159,149,'',0,70,2,10,2,39,0,0,NULL,1,0,'','',0,''),(160,231,'',0,NULL,2,4,NULL,NULL,0,0,NULL,0,0,'','',0,''),(161,24,'',1,NULL,2,6,2,45,0,0,NULL,0,0,'','',0,''),(162,196,'Полька \"Бабачка\"',0,NULL,2,6,2,14,0,0,NULL,0,0,'','',0,''),(163,196,'Полька \"Бабачка\"',1,71,2,6,5,46,0,0,15,1,0,'','',0,''),(164,196,'Полька \"Адну наперад другую назад\"',0,72,2,1,6,47,0,0,12,1,1,'','',0,''),(165,233,'',0,73,2,1,6,44,0,0,NULL,1,1,'','',0,''),(166,24,'',0,73,2,1,6,44,0,0,NULL,1,1,'','',0,''),(167,68,'',0,74,2,1,6,44,0,0,NULL,1,1,'называе спачатку в. Ласі','',0,''),(168,93,'',0,69,2,1,6,44,0,0,NULL,1,0,'','',0,''),(169,194,'Кадрыля Варатынская',0,74,15,1,6,44,0,0,NULL,1,1,'На відэа гэта не адлюстравана, але апошнюю фігуру М.А. прасіў выконваць тройкам у шахматным парадку. У шэрагу адна тройка закручваецца, другая робіць пятка-насок. Шэраг насупраць робіць гэтыя рухі ў шахматным парадку з першым шэрагам. Адна тройка будзе рабіць пятка-насок, а другая закручвацца. Тройкі адлюстройвайць тых, кто насупраць па дыяганалі.)','',0,''),(170,87,'Лявоніха вясельная',0,50,3,1,3,35,0,0,NULL,1,0,'крок з прысяданьнем, у Мілавіцы','',0,''),(171,212,'',0,52,2,1,5,38,0,0,NULL,1,0,'падобны на ўкр, у Мілавіцы','',0,''),(172,107,'',0,21,5,1,1,10,0,0,NULL,1,0,'(на відэа толькі малая частка: кола, у цэнтр, дз па чарзе пад рукой, у Мілавіцы)','',0,''),(174,236,'',0,22,2,1,1,10,0,0,16,1,0,'','',0,''),(175,237,'',0,75,3,1,6,47,0,0,12,1,1,'','',0,''),(177,68,'',0,25,2,1,2,14,0,0,NULL,1,0,'Уп, наз, уп, уп (2р); сола дз, сола хл','',0,''),(178,65,'',0,76,2,6,2,48,0,0,NULL,1,0,'','',0,''),(179,29,'',4,NULL,3,3,NULL,NULL,0,0,NULL,0,0,'Музыка як у Верабей. Паказваў на м/к у Грыня на ноч танцаў 13-14 траўня 2017','',0,''),(180,25,'',0,77,6,3,3,43,0,0,NULL,1,1,'2*2, Паказваў на м/к у Грыня на ноч танцаў 13-14 траўня 2017','',0,''),(181,66,'',0,NULL,2,11,NULL,NULL,0,0,NULL,0,0,'Паказвалі на м/к у Грыня на ноч танцаў 13-14 траўня 2017','',0,''),(182,95,'',0,NULL,2,11,NULL,NULL,0,0,NULL,0,0,'Паказвалі на м/к у Грыня на ноч танцаў 13-14 траўня 2017','',0,''),(183,149,'',0,NULL,2,11,NULL,NULL,0,0,NULL,0,0,'Паказвалі на м/к у Грыня на ноч танцаў 13-14 траўня 2017','',0,''),(184,196,'Полька \"Бабачка\"',0,NULL,2,11,NULL,NULL,0,0,NULL,0,0,'Паказвалі на м/к у Грыня на ноч танцаў 13-14 траўня 2017','',0,''),(185,194,'Кадрыля Котчынская',0,78,11,6,3,49,0,0,NULL,1,0,'','',0,''),(186,178,'',0,41,3,7,1,26,0,0,NULL,1,0,'','',0,''),(187,240,'',0,79,2,1,3,20,0,0,NULL,0,1,'','',0,''),(188,58,'Казаў бацька казу дам',1,60,2,1,3,20,0,0,NULL,1,1,'\"А мой бацька добрым быў\" (у бок, у бок, козачка, павароты)','',0,''),(189,194,'Кадрыля Мешыцкая',0,80,7,1,1,50,0,0,16,1,1,'','',0,''),(190,194,'Кадрыля Іванкаўшчынская',0,81,NULL,1,2,15,0,0,NULL,1,0,'','',0,''),(191,194,'Кадрыля Дэмбраўская',2,90,11,1,3,41,0,0,14,1,0,'','',0,''),(192,66,'',0,22,2,1,1,10,1,0,NULL,1,1,'','',0,''),(193,3,'',0,40,6,1,3,35,0,0,NULL,1,0,'','',0,'3'),(194,87,'',0,82,2,2,1,25,0,0,NULL,1,1,'дыск Пятровіца 2011-15','',0,''),(195,115,'',0,84,2,2,1,25,0,0,NULL,1,1,'дыск Пятровіца 2011-15','',0,''),(196,115,'',0,85,2,2,1,25,0,0,NULL,1,1,'дыск Пятровіца 2011-15','',0,''),(197,71,'',1,86,2,2,1,25,0,0,NULL,1,1,'дыск Пятровіца 2011-15','',0,''),(198,196,'Полька \"Бабачка\"',0,82,2,2,1,25,0,0,NULL,1,1,'дыск Пятровіца 2011-15','',0,''),(199,246,'',0,87,2,2,1,25,0,0,NULL,0,1,'дыск Пятровіца 2011-15','',0,''),(200,247,'',0,88,3,2,1,25,0,0,NULL,1,1,'дыск Пятровіца 2011-15','',0,''),(201,233,'',0,89,2,2,1,25,0,0,NULL,1,1,'дыск Пятровіца 2011-15','',0,''),(202,196,'Полька \"Калечка\"',0,82,3,2,1,25,0,0,NULL,1,1,'дыск Пятровіца 2011-15','',0,''),(203,248,'',0,91,3,1,5,22,0,0,15,1,0,'','',0,''),(204,107,'',0,92,4,1,2,51,0,0,17,1,0,'+в Івольск','',0,''),(205,95,'',0,93,NULL,1,2,52,0,0,NULL,1,0,'','',0,''),(206,194,'Кадрыля Левашоўская',7,24,NULL,1,2,17,0,0,NULL,1,0,'','',0,''),(207,21,'',0,NULL,NULL,6,NULL,NULL,0,0,NULL,0,0,'','',0,''),(208,250,'',0,95,NULL,1,2,52,0,0,NULL,1,0,'','',0,''),(209,30,'',0,103,4,1,5,54,0,0,15,1,0,'','',0,''),(210,31,'',0,75,9,12,6,47,0,0,NULL,1,0,'','',0,''),(211,43,'',2,110,1,12,6,13,0,1,NULL,1,0,'','',0,''),(212,251,'',0,72,17,12,6,47,0,0,NULL,1,0,'','Вясельле',0,''),(213,65,'',0,109,16,12,6,13,0,1,NULL,1,0,'Неабходна палка 1,5 - 2 м','',0,''),(214,257,'',0,72,8,12,6,47,0,0,NULL,1,0,'','Каляды, Масленка',0,''),(215,87,'',0,104,8,12,6,55,0,0,NULL,1,0,'','Вясельле',0,''),(216,87,'',0,111,3,12,6,NULL,0,0,NULL,0,0,'','',0,''),(217,87,'',0,107,3,12,6,13,0,0,NULL,1,0,'','',0,''),(218,110,'',0,108,2,12,6,57,0,0,NULL,1,0,'','',0,''),(219,196,'Полька \"Васьмёрка\"',0,72,3,12,6,47,0,0,NULL,1,0,'','',0,''),(221,196,'Полька \"Казёл\"',0,105,3,12,6,56,0,0,NULL,1,0,'','',0,''),(222,196,'Полька \"На два бакі\"',1,96,3,12,6,11,0,0,NULL,1,0,'','',0,''),(223,196,'Полька \"Нітачка-Іголачка\"',0,106,3,12,6,58,0,0,NULL,1,0,'','',0,''),(224,196,'Полька \"Рассыпухі\"',0,96,3,12,6,11,0,0,NULL,1,0,'','',0,''),(225,260,'',0,108,2,12,6,57,0,0,NULL,1,0,'','',0,''),(226,252,'',0,72,1,12,6,47,0,1,NULL,1,0,'','',0,''),(227,51,'Чыбір',0,96,1,12,6,11,0,1,NULL,1,0,'','',0,''),(230,194,'Кадрыля Грабаўская',0,125,7,14,3,66,0,0,NULL,1,0,'','',0,''),(231,196,'Полька Ацьмінаўская',0,126,3,14,3,67,0,0,NULL,1,0,'','',0,''),(232,87,'',0,127,13,14,3,43,0,1,NULL,1,0,'','',0,''),(233,107,'Нарэчанька тройкамі',0,128,4,14,3,18,0,0,NULL,1,0,'','',0,''),(234,196,'Полька \"Трасуха\"',0,4,2,14,3,20,0,1,NULL,1,0,'','',0,''),(235,196,'Полька дробная',0,129,2,14,3,20,0,0,NULL,1,0,'','',0,''),(236,196,'Полька з падгопам',0,79,2,14,3,20,0,0,NULL,1,0,'','',0,''),(237,196,'Полька ўпрытупачку',0,130,2,14,3,66,0,0,NULL,1,0,'','',0,''),(238,196,'Полька з падкідачам',0,65,2,14,3,41,0,0,NULL,1,0,'','',0,''),(239,196,'Полька з падгоцам',0,131,2,14,3,42,0,0,NULL,1,0,'','',0,''),(240,196,'Полька праз калена',0,101,2,14,3,31,0,1,NULL,1,0,'','',0,''),(241,196,'Полька \"Шморгалка\"',0,99,2,14,3,18,0,0,NULL,1,0,'','',0,''),(242,196,'Полька вальсам',0,132,2,14,3,41,0,1,NULL,0,0,'','',0,''),(243,196,'Полька галёпам',0,133,2,14,3,35,0,0,NULL,1,0,'','',0,''),(244,196,'Полька пераступаньнямі',0,4,2,14,3,20,0,0,NULL,1,0,'','',0,''),(245,196,'Полька \"Трапятуха\"',0,134,2,14,3,43,0,0,NULL,1,0,'','',0,''),(246,196,'Полька праз нагу',0,127,2,14,3,43,0,1,NULL,1,0,'','',0,''),(247,196,'Полька з выбіва\'чам',0,127,2,14,3,43,0,0,NULL,1,0,'','',0,''),(248,291,'',0,13,2,14,3,31,0,0,NULL,1,0,'','',0,''),(249,292,'',0,67,2,14,3,43,0,0,NULL,1,0,'','',0,''),(250,3,'',0,60,2,14,3,20,0,0,NULL,1,0,'','',0,''),(251,3,'',0,134,2,14,3,43,0,0,NULL,1,0,'','',0,''),(252,65,'',0,4,2,14,3,20,0,0,NULL,1,0,'','',0,''),(253,350,'Страданё',0,135,2,14,3,42,0,0,NULL,1,0,'','',0,''),(254,191,'',0,66,2,14,3,42,0,0,NULL,1,0,'','',0,''),(255,294,'',1,40,2,14,3,35,0,0,NULL,1,0,'','',0,''),(256,226,'',0,67,2,14,3,43,0,1,NULL,1,0,'','',0,''),(257,153,'',0,127,1,14,3,43,0,0,NULL,1,0,'','',0,''),(258,43,'',0,66,1,14,3,42,0,1,NULL,1,0,'','',0,''),(259,96,'',0,136,18,14,3,31,0,1,NULL,1,0,'','',0,''),(260,96,'',0,38,12,14,3,18,0,1,NULL,1,0,'','',0,''),(261,153,'',0,68,1,14,3,31,0,1,NULL,1,0,'трэба 2 палкі','',0,''),(262,295,'',0,37,12,14,3,31,0,0,NULL,1,0,'трэба палка','',0,''),(263,296,'',0,132,1,14,3,41,0,1,NULL,0,0,'','',0,''),(264,9,'',0,136,18,14,3,31,0,1,NULL,1,0,'','',0,''),(265,196,'Полька з рожкамі',0,137,2,14,3,43,0,0,NULL,1,0,'','',1,''),(266,298,'',0,138,1,14,3,20,0,0,NULL,1,0,'','',1,''),(267,299,'',0,127,2,14,3,43,0,0,NULL,1,0,'','',1,''),(268,300,'',0,139,1,14,3,42,0,0,NULL,1,0,'','',1,''),(269,301,'',0,139,3,14,3,42,0,0,NULL,1,0,'','',1,''),(270,31,'',0,67,20,14,3,43,0,1,NULL,1,0,'','',1,''),(271,178,'Малацьба',0,112,3,13,4,60,0,0,NULL,1,0,'','',0,''),(272,77,'',1,113,6,13,4,61,1,0,NULL,1,0,'','',0,''),(273,71,'',1,100,21,13,4,32,0,0,NULL,1,0,'','',0,''),(274,247,'',0,114,4,13,4,62,0,0,NULL,0,0,'','',0,''),(275,196,'Полька \"Слізуха\"',0,115,2,13,4,63,0,0,NULL,1,0,'','',0,''),(276,196,'Полька вінтом',0,115,2,13,4,63,0,0,NULL,1,0,'','',0,''),(277,266,'',0,115,2,13,4,63,0,0,NULL,1,0,'','',0,''),(278,267,'',0,115,2,13,4,63,0,1,NULL,1,0,'','',0,''),(279,90,'',0,116,8,13,4,40,0,1,NULL,1,0,'','Каляды',0,''),(280,43,'',3,117,18,13,4,61,0,1,NULL,1,0,'','вясельле',0,''),(281,153,'',0,118,1,13,4,64,0,1,NULL,1,0,'','',0,''),(282,81,'',0,119,18,13,4,32,0,1,NULL,1,0,'','',0,''),(283,268,'',0,120,1,13,4,63,0,0,NULL,1,0,'','',0,''),(284,226,'',0,121,1,13,4,60,0,1,NULL,1,0,'','',0,''),(285,9,'',1,118,1,13,4,64,0,1,NULL,1,0,'','',0,''),(286,302,'',0,115,12,13,4,63,0,1,NULL,1,0,'','',0,''),(287,102,'',0,122,22,13,4,65,0,0,NULL,1,0,'','',1,''),(288,196,'Полька \"Зявака\"',0,123,2,13,4,65,0,0,NULL,1,0,'','',1,''),(289,58,'Казёл',0,124,1,13,4,64,0,0,NULL,1,0,'','',1,''),(290,51,'Грэчка',0,100,1,13,4,32,0,0,NULL,1,0,'','',1,''),(292,303,'',0,140,NULL,1,5,29,0,0,NULL,1,0,'','',0,''),(293,93,'',1,141,2,6,2,14,0,0,NULL,1,0,'http://www.muzykapolesia.net/muzyk/466/name/+%D0%96%D0%BC%D1%83%D1%80%D0%BD%D0%B5.+%D0%9C%D1%83%D0%B7%D0%B8%D1%87%D0%BD%D0%B0+%D1%82%D1%80%D0%B0%D0%B4%D0%B8%D1%86%D1%96%D1%8F..html','',0,''),(294,115,'',1,141,2,6,2,14,0,0,NULL,1,0,'http://www.muzykapolesia.net/muzyk/466/name/+%D0%96%D0%BC%D1%83%D1%80%D0%BD%D0%B5.+%D0%9C%D1%83%D0%B7%D0%B8%D1%87%D0%BD%D0%B0+%D1%82%D1%80%D0%B0%D0%B4%D0%B8%D1%86%D1%96%D1%8F..html','',0,''),(295,196,'',0,141,2,6,2,14,0,0,NULL,1,0,'http://www.muzykapolesia.net/muzyk/466/name/+%D0%96%D0%BC%D1%83%D1%80%D0%BD%D0%B5.+%D0%9C%D1%83%D0%B7%D0%B8%D1%87%D0%BD%D0%B0+%D1%82%D1%80%D0%B0%D0%B4%D0%B8%D1%86%D1%96%D1%8F..html','',0,''),(296,107,'',0,141,2,6,2,14,0,0,NULL,1,0,'http://www.muzykapolesia.net/muzyk/466/name/+%D0%96%D0%BC%D1%83%D1%80%D0%BD%D0%B5.+%D0%9C%D1%83%D0%B7%D0%B8%D1%87%D0%BD%D0%B0+%D1%82%D1%80%D0%B0%D0%B4%D0%B8%D1%86%D1%96%D1%8F..html','',0,''),(297,51,'',0,141,1,6,3,14,0,1,NULL,1,0,'http://www.muzykapolesia.net/muzyk/466/name/+%D0%96%D0%BC%D1%83%D1%80%D0%BD%D0%B5.+%D0%9C%D1%83%D0%B7%D0%B8%D1%87%D0%BD%D0%B0+%D1%82%D1%80%D0%B0%D0%B4%D0%B8%D1%86%D1%96%D1%8F..html','',0,''),(298,13,'',0,143,2,13,4,12,0,0,NULL,1,0,'','',0,''),(299,304,'',0,146,2,15,5,46,0,0,NULL,1,0,'бухан хлеба','Вяселле',0,''),(300,305,'',0,71,13,15,5,46,0,0,NULL,1,0,'','Вяселле',0,''),(301,58,'',0,145,8,15,5,68,0,0,NULL,1,0,'','Вяселле',0,''),(302,306,'',0,147,12,15,5,75,0,1,NULL,1,0,'','Вяселле',0,''),(303,325,'',0,147,13,15,5,75,0,0,NULL,1,0,'','Вяселле',0,''),(304,194,'Кадрыля Сінькевіцкая',0,148,11,15,5,69,0,0,NULL,1,0,'','',0,''),(305,196,'Полька \"Галёпка\"',0,150,3,15,5,73,0,0,NULL,1,0,'','',0,''),(306,196,'Полька \"Мост\"',0,149,3,15,5,46,0,0,NULL,1,0,'','',0,''),(307,196,'Полька \"Церніца\"',0,151,3,15,5,22,0,1,NULL,1,0,'','',0,''),(308,311,'',0,152,3,15,5,68,0,0,NULL,1,0,'','',0,''),(309,196,'Полька \"Галёпка\"',0,149,3,15,5,46,0,0,NULL,1,0,'','',0,''),(310,312,'',0,153,3,15,5,73,0,0,NULL,1,0,'','',0,''),(311,229,'',0,149,3,15,5,46,0,0,NULL,1,0,'','',0,''),(312,77,'',1,162,3,15,5,54,0,0,NULL,1,0,'','',0,''),(313,313,'',0,NULL,14,15,5,54,0,0,NULL,0,0,'','',0,''),(314,115,'',0,154,4,15,5,74,0,0,NULL,1,0,'','',0,''),(315,24,'',0,146,4,15,5,46,0,0,NULL,1,0,'','',0,''),(316,196,'Полька \"Трасуха\"',0,159,2,15,5,22,0,1,NULL,1,0,'','',0,''),(317,196,'Полька \"Ой, дзевачкі-галубочкі\"',0,163,2,15,5,22,0,0,NULL,1,0,'','',0,''),(318,110,'',0,155,2,15,5,73,0,0,NULL,1,0,'','',0,''),(319,68,'',0,156,2,15,5,74,0,0,NULL,1,0,'','',0,''),(320,68,'',0,148,2,15,5,69,0,0,NULL,1,0,'','',0,''),(321,315,'',0,158,2,15,5,38,0,0,NULL,1,0,'','',0,''),(322,316,'',0,71,2,15,5,46,0,0,NULL,1,0,'','',0,''),(323,87,'',0,157,2,15,5,38,0,1,NULL,1,0,'крыж','',0,''),(324,317,'',0,156,8,15,5,74,0,1,NULL,1,0,'хустачка','',0,''),(325,196,'Полька \"Адбіяна з тылу\"',0,149,3,15,5,46,0,1,NULL,1,0,'','',0,''),(326,196,'Полька \"Гарбуз\"',0,149,NULL,15,5,46,0,1,NULL,1,0,'','',1,''),(327,21,'Вальс \"Спічка\"',0,154,8,15,5,74,0,1,NULL,1,0,'','',1,''),(328,321,'',0,150,8,15,5,73,0,0,NULL,1,0,'стул, хустачка','',1,''),(329,322,'',0,159,NULL,15,5,22,0,0,NULL,1,0,'','',1,''),(330,87,'',0,148,6,15,5,69,0,1,NULL,1,0,'2 жэрдачкі','',0,''),(331,323,'',0,71,13,15,5,46,0,1,NULL,1,0,'','Вяселле',0,''),(332,143,'',0,160,8,15,5,73,0,1,NULL,1,0,'','',0,''),(333,296,'',0,164,1,15,5,76,0,1,NULL,1,0,'','',0,''),(334,226,'',0,161,8,15,5,38,0,1,NULL,1,0,'','',0,''),(335,324,'',0,156,2,15,5,74,0,1,NULL,1,0,'','',0,''),(336,96,'',0,145,19,15,5,73,0,1,NULL,1,0,'жэрдачкі','',0,''),(337,21,'Адбіваны вальс',0,39,2,16,1,33,0,0,NULL,1,0,'','',0,''),(338,4,'',0,172,NULL,16,1,21,0,0,NULL,1,0,'','Вяселле',0,''),(339,9,'',0,179,1,16,1,80,0,1,NULL,1,0,'','',0,''),(340,9,'',0,182,8,16,1,77,0,1,NULL,1,0,'','',0,''),(341,9,'',0,183,1,16,1,27,0,0,NULL,1,0,'','',0,''),(342,229,'',0,98,10,16,1,21,0,0,NULL,1,0,'','',1,''),(343,43,'',0,175,8,16,1,21,0,1,NULL,1,0,'','Вяселле',1,''),(344,58,'',0,166,2,16,1,82,0,0,NULL,1,0,'','Вяселле',0,''),(345,58,'',0,178,1,16,1,21,0,1,NULL,1,0,'','',0,''),(346,58,'',0,98,1,16,1,21,0,1,NULL,1,0,'','',1,''),(347,331,'',0,184,2,16,1,27,0,1,NULL,1,0,'','Вяселле',0,''),(348,335,'',0,191,16,16,1,10,0,1,NULL,1,0,'','Хрэсьбіны',0,''),(349,335,'',0,102,2,16,1,10,0,1,NULL,1,0,'','Хрэсьбіны',0,''),(350,336,'',0,39,6,16,1,33,0,0,NULL,1,0,'','',0,''),(351,69,'',0,185,1,16,1,77,0,1,NULL,1,0,'','кірмаш',0,''),(352,69,'',0,187,3,16,1,10,0,0,NULL,1,0,'','Вяселле',0,''),(353,69,'',0,188,3,16,1,10,0,0,NULL,1,0,'','Вяселле',0,''),(354,69,'',0,10,8,16,1,10,0,0,NULL,1,0,'','Вяселле',0,''),(355,71,'',0,7,2,16,1,10,0,0,NULL,1,0,'','',0,''),(356,339,'',0,39,2,16,1,33,0,0,NULL,1,0,'чапяла ці жэрдачка','',0,''),(357,330,'',0,181,1,16,1,83,0,1,NULL,1,0,'','',0,''),(358,340,'',0,36,2,16,1,30,0,0,NULL,1,0,'','',0,''),(359,87,'',0,167,2,16,1,25,0,0,NULL,1,0,'','',0,''),(360,87,'',0,190,2,16,1,10,0,0,NULL,1,0,'','',0,''),(361,87,'',0,193,3,16,1,10,0,0,NULL,0,0,'','',0,''),(362,87,'',0,86,2,16,1,25,0,0,NULL,1,0,'','',0,''),(363,87,'',0,167,4,16,1,25,0,0,NULL,1,0,'','',0,''),(364,87,'Лявоніха вясельная',0,171,1,16,1,21,0,1,NULL,1,0,'','Вяселле, Хрэсьбіны',0,''),(365,87,'Лявоніха вясельная',0,174,1,16,1,21,0,1,NULL,1,0,'','Вяселле, Хрэсьбіны',0,''),(366,87,'Лявоніха кругом',0,189,8,16,1,10,0,1,NULL,1,0,'','',0,''),(367,341,'',0,22,11,16,1,10,0,0,NULL,1,0,'','',0,''),(368,93,'',0,2,2,16,1,10,0,0,NULL,1,0,'','',0,''),(369,96,'',0,173,2,16,1,19,0,1,NULL,1,0,'','Вяселле',0,''),(370,99,'',0,36,2,16,1,30,0,0,NULL,1,0,'','',0,''),(371,102,'',0,22,22,16,1,10,0,0,NULL,1,0,'','',0,''),(372,196,'Полька \"Бабачка\"',0,7,2,16,1,10,0,0,NULL,1,0,'','',0,''),(373,196,'Полька \"Жыдовачка\"',0,22,2,16,1,10,0,0,NULL,1,0,'','',0,''),(374,196,'Полька \"Магдаленка\"',0,176,2,16,1,81,0,0,NULL,1,0,'','',0,''),(375,196,'Полька \"Тройкамі\"',0,186,4,16,1,78,0,0,NULL,1,0,'','',0,''),(376,196,'Полька \"У лісцікі\"',0,177,2,16,1,19,0,0,NULL,1,0,'','',0,''),(377,252,'',0,169,23,16,1,19,0,1,NULL,1,0,'6 палак','',0,''),(378,296,'',0,170,1,16,1,79,0,1,NULL,1,0,'','',0,''),(379,296,'',0,180,1,16,1,81,0,0,NULL,1,0,'1 палка','Вяселле, Хрэсьбіны',0,''),(380,296,'',0,98,1,16,1,21,0,1,NULL,1,0,'','',1,''),(381,327,'',0,168,13,16,1,79,0,0,NULL,1,0,'і ў в. Колкі','',0,''),(382,337,'',0,180,3,16,1,81,0,0,NULL,1,0,'','',0,''),(383,333,'',0,192,8,16,1,30,0,0,NULL,1,0,'','',0,''),(384,65,'Лысы',0,195,2,1,1,84,0,0,NULL,1,0,'','',0,''),(385,3,'',0,196,6,1,1,84,0,0,NULL,1,0,'','',0,''),(386,196,'Полька \"Галёпа\"',0,196,2,1,1,84,0,1,NULL,1,0,'','',0,''),(387,191,'Абэрак кандзібоберам',0,196,2,1,1,84,0,0,NULL,1,0,'','',0,''),(388,350,'Страданіе',0,198,21,6,6,85,0,0,NULL,1,0,'','',0,''),(389,66,'',0,NULL,2,6,4,86,0,0,NULL,0,0,'(факстротны варыянт)','',0,''),(390,65,'Зялёная рошча',0,197,2,6,6,85,0,0,NULL,1,0,'Выконваўся на вечарынках у г. Клічаве Магілёўскай вобл. у 1950-х - 60-х гг. Паказвае Вольга Пятроўна Кушнер, 1936 г.н., ураджэнка в. Стаялава Клічаўскага р.','',0,''),(391,196,'Полька \"Бабка\"',0,196,2,1,1,84,0,0,NULL,1,0,'','',0,''),(392,196,'Полька-бабка',0,NULL,2,1,1,NULL,0,0,NULL,0,0,'','',0,''),(393,95,'',0,195,2,1,1,84,0,0,NULL,1,0,'','',0,''),(394,87,'',0,NULL,3,1,1,NULL,0,0,NULL,0,0,'','',0,''),(395,196,'Полька Арэхаўская',0,199,2,6,6,NULL,0,0,NULL,0,0,'','',0,''),(396,107,'',0,200,21,6,2,14,0,0,NULL,1,0,'','',0,''),(397,109,'',0,200,2,6,2,14,0,0,NULL,1,0,'','',0,''),(398,115,'',0,200,2,6,2,14,0,0,NULL,1,0,'','',0,''),(399,71,'',0,200,2,6,2,14,0,0,NULL,1,0,'','',0,''),(400,196,'',0,200,2,6,2,14,0,0,NULL,1,0,'','',0,''),(401,350,'',0,201,2,1,1,84,0,0,NULL,1,0,'','',0,''),(402,87,'',0,202,4,6,1,25,0,0,NULL,1,0,'','',0,''),(403,196,'',0,203,2,6,5,76,0,0,NULL,1,0,'','',0,''),(404,9,'',0,69,1,6,6,44,0,0,NULL,1,0,'','',0,''),(405,58,'',0,237,8,17,2,53,0,1,NULL,1,0,'','Каляды',0,''),(406,58,'',0,228,1,17,2,14,0,1,NULL,1,0,'','Каляды',0,''),(407,26,'',0,243,2,17,2,52,0,1,NULL,1,0,'','Шчодрык',0,''),(408,51,'',0,25,1,17,2,14,0,1,NULL,1,0,'','Вялікдзень',0,''),(409,351,'',0,242,2,17,2,23,0,0,NULL,1,0,'','рэтуальная дзея ў абрадзе \"Пер… свячы\"',0,''),(410,352,'',1,213,13,17,2,45,0,0,NULL,1,0,'','Жаніцьба коміна',0,''),(411,353,'',0,208,20,17,2,23,0,0,NULL,1,0,'','Каравай',0,''),(412,173,'',0,241,1,17,2,15,0,1,NULL,1,0,'','вясельле',0,''),(413,354,'',0,240,12,17,2,16,0,1,NULL,1,0,'','вясельле',0,''),(414,355,'',0,232,8,17,2,23,0,0,NULL,1,0,'','вясельле',0,''),(415,87,'',0,230,3,17,2,23,0,1,NULL,1,0,'','',0,''),(416,96,'',1,239,1,17,2,45,0,1,NULL,1,0,'палкі','',0,''),(417,48,'',0,234,3,17,2,53,0,0,NULL,1,0,'','',0,''),(418,181,'',0,244,10,17,2,39,0,0,NULL,1,0,'','',0,''),(419,181,'',1,209,10,17,2,45,0,0,NULL,1,0,'','',0,''),(420,196,'Полька \"Мост\"',0,212,3,17,2,16,0,0,NULL,1,0,'','',0,''),(421,108,'',0,236,3,17,2,14,0,0,NULL,1,0,'','',0,''),(422,356,'',0,235,11,17,2,89,0,0,NULL,1,0,'','',0,''),(423,7,'',3,216,2,17,2,23,0,0,NULL,1,0,'','',0,''),(424,194,'Кадрыля Зімовіцкая',0,223,3,17,2,15,0,0,NULL,1,0,'','',0,''),(425,89,'Лянцей',0,234,11,17,2,88,0,0,NULL,1,0,'','',0,''),(426,70,'',0,233,7,17,2,88,0,0,NULL,1,0,'','',0,''),(427,87,'',0,222,4,17,2,52,0,0,NULL,1,0,'','',0,''),(428,179,'',0,17,4,17,2,23,0,0,NULL,1,0,'','',0,''),(429,134,'',0,217,4,17,2,87,0,0,NULL,1,0,'','',0,''),(430,7,'',0,92,4,17,2,51,0,0,NULL,1,0,'+в Івольск','',0,''),(431,196,'Полька \"Трасуха\"',0,226,2,17,2,52,0,1,NULL,1,0,'','',0,''),(432,196,'Полька \"Скакуха\"',0,215,2,17,2,23,0,1,NULL,1,0,'','',0,''),(433,196,'Полька з падгопам',0,229,2,17,2,17,0,1,NULL,1,0,'','',0,''),(434,196,'Полька ў прычупачку',0,215,2,17,2,23,0,1,NULL,1,0,'','',0,''),(435,196,'Полька \"Дробная\"',0,228,2,17,2,14,0,1,NULL,1,0,'','',0,''),(436,196,'Полька пераступаннямі',0,227,2,17,2,52,0,1,NULL,1,0,'','',0,''),(437,196,'Полька \"Шыргалка\"',0,93,2,17,2,52,0,1,NULL,1,0,'','',0,''),(438,196,'Полька вальсам',0,226,2,17,2,52,0,1,NULL,1,0,'','',0,''),(439,196,'Полька \"Ойра\"',0,19,2,17,2,15,0,0,NULL,1,0,'','',0,''),(440,38,'Джан (ппп)',0,142,NULL,6,4,70,0,0,NULL,0,0,'Відэа','-',0,'0');
/*!40000 ALTER TABLE `version` ENABLE KEYS */;
UNLOCK TABLES;

--
-- Table structure for table `video`
--

DROP TABLE IF EXISTS `video`;
/*!40101 SET @saved_cs_client     = @@character_set_client */;
/*!50503 SET character_set_client = utf8mb4 */;
CREATE TABLE `video` (
  `id` int NOT NULL AUTO_INCREMENT,
  `version_id` int DEFAULT NULL,
  `type` int NOT NULL,
  `youtube_id` varchar(30) COLLATE utf8mb4_unicode_ci DEFAULT NULL,
  `link_vk` varchar(255) COLLATE utf8mb4_unicode_ci DEFAULT NULL,
  PRIMARY KEY (`id`),
  KEY `IDX_7CC7DA2C4BBC2705` (`version_id`),
  CONSTRAINT `FK_7CC7DA2C4BBC2705` FOREIGN KEY (`version_id`) REFERENCES `version` (`id`)
) ENGINE=InnoDB AUTO_INCREMENT=142 DEFAULT CHARSET=utf8mb4 COLLATE=utf8mb4_unicode_ci;
/*!40101 SET character_set_client = @saved_cs_client */;

--
-- Dumping data for table `video`
--

LOCK TABLES `video` WRITE;
/*!40000 ALTER TABLE `video` DISABLE KEYS */;
INSERT INTO `video` VALUES (1,1,1,'iQlmI4UCd',NULL),(2,4,1,'NdWPJ7PMf',NULL),(3,5,1,'yV_Gg8Feh',NULL),(4,7,1,'qCi-eH1HD',NULL),(5,10,1,'txJyGi6ga',NULL),(6,16,1,'5OUvpqNe3',NULL),(7,20,1,'bX8FnFqWv',NULL),(8,23,1,'oq70xpFOT',NULL),(9,27,1,'oWKZ_oIep',NULL),(10,30,1,'_rxXWlovC',NULL),(11,34,1,'i-u-5XjHu',NULL),(12,35,1,'FylzQACJT',NULL),(13,40,1,'pr8WAFTgq',NULL),(14,49,1,'LfTsB9b8e',NULL),(15,65,1,'q7AGDNnVR',NULL),(16,68,1,'iC8Qbvjxy',NULL),(17,69,1,'eWSf5b_Wg',NULL),(18,70,1,'cK07wx5UX',NULL),(19,71,1,'Qp1Z-pH5V',NULL),(20,74,1,'L6n76FBEm',NULL),(21,75,1,'xojrtSiWd',NULL),(22,76,1,'vnnLg8r7d',NULL),(23,77,1,'vnnLg8r7d',NULL),(24,78,1,'xw21QBd_B',NULL),(25,79,1,'o6wRym2Be',NULL),(26,80,1,'zz4hSfFzU',NULL),(27,90,1,'QTFFwE-0d',NULL),(28,96,1,'rNNKcPcew',NULL),(29,114,1,'UcE6PPMFJ',NULL),(30,126,1,'B0wPLWnwz',NULL),(31,141,1,'vUvoFSptj',NULL),(32,160,1,'CDT319EWZ',NULL),(33,161,1,'gVHWmtAoi',NULL),(34,162,1,'ULiqOgMzf',NULL),(35,163,1,'ol3WsPwj5',NULL),(36,169,1,'ay_NN3Nsx',NULL),(37,170,1,'YNqyjdf-c',NULL),(38,171,1,'GgChTdJiw',NULL),(39,172,1,'SqT2vMTgS',NULL),(40,174,1,'pUX5i2wk1',NULL),(41,177,1,'vDOaDKNyq',NULL),(42,178,1,'R972dhBdp',NULL),(43,185,1,'HY3JxyEL_',NULL),(44,186,1,'gdeBy3wYD',NULL),(45,189,1,'w_pucuogt',NULL),(46,190,1,'w_pucuogt',NULL),(47,191,1,'w_pucuogt',NULL),(48,193,1,'Q97QN_CEn',NULL),(49,203,1,'bYh-UEl9t',NULL),(50,204,1,'Ocg2AS1P-',NULL),(51,205,1,'Ocg2AS1P-',NULL),(52,206,1,'Ocg2AS1P-',NULL),(53,207,1,'tfJbQS0-h',NULL),(54,293,1,'PhbRX2S3t',NULL),(55,294,1,'XxFfmwyq5',NULL),(56,295,1,'KP0le5IdS',NULL),(57,296,1,'z9S_H_Ruw',NULL),(58,297,1,'FFIrrqzqb',NULL),(59,384,1,'iGbEyiCOI',NULL),(60,385,1,'sXvxfwUXn',NULL),(61,391,1,'oP7uoW1TS',NULL),(62,392,1,'pMXXVGWhP',NULL),(63,393,1,'VVyCIkuQu',NULL),(64,394,1,'efSvWxU1x',NULL),(65,396,1,'0vXeyRLYG',NULL),(66,397,1,'0vXeyRLYG',NULL),(67,398,1,'0vXeyRLYG',NULL),(68,399,1,'0vXeyRLYG',NULL),(69,400,1,'0vXeyRLYG',NULL),(70,403,1,'YIwU2JkGz',NULL),(71,404,1,'7MkR6ANM_',NULL),(128,4,1,'NdWPJ7PMf',NULL),(129,35,1,'JQfj-Iglj',NULL),(130,141,1,'w_pucuogt',NULL),(131,191,1,'bYh-UEl9t',NULL),(135,121,2,NULL,'https://vk.com/video_ext.php?oid=-76517089&id=456239066&hash=32882f8743413eb3'),(136,154,2,NULL,'https://vk.com/video_ext.php?oid=69783019&id=456239027&hash=279278f4ff778bda'),(137,159,2,NULL,'https://vk.com/video_ext.php?oid=-76517089&id=456239067&hash=12dcd58226dc6bed'),(138,177,1,'Yrs3Yn7x-80',NULL),(140,402,2,NULL,'https://vk.com/video_ext.php?oid=-89370094&id=171199357&hash=6a704977b065cb00');
/*!40000 ALTER TABLE `video` ENABLE KEYS */;
UNLOCK TABLES;
/*!40103 SET TIME_ZONE=@OLD_TIME_ZONE */;

/*!40101 SET SQL_MODE=@OLD_SQL_MODE */;
/*!40014 SET FOREIGN_KEY_CHECKS=@OLD_FOREIGN_KEY_CHECKS */;
/*!40014 SET UNIQUE_CHECKS=@OLD_UNIQUE_CHECKS */;
/*!40101 SET CHARACTER_SET_CLIENT=@OLD_CHARACTER_SET_CLIENT */;
/*!40101 SET CHARACTER_SET_RESULTS=@OLD_CHARACTER_SET_RESULTS */;
/*!40101 SET COLLATION_CONNECTION=@OLD_COLLATION_CONNECTION */;
/*!40111 SET SQL_NOTES=@OLD_SQL_NOTES */;

-- Dump completed on 2022-10-10  0:00:02
